<?xml version="1.0" encoding="utf-8" standalone="yes"?>
<rss version="2.0" xmlns:atom="http://www.w3.org/2005/Atom">
    <channel>
        <title>Благоустройство on Садовое некоммерческое товарищество &#34;Орбита&#34;</title>
        <link>https://cnt-orbita.ru/categories/%D0%B1%D0%BB%D0%B0%D0%B3%D0%BE%D1%83%D1%81%D1%82%D1%80%D0%BE%D0%B9%D1%81%D1%82%D0%B2%D0%BE/</link>
        <description>Recent content in Благоустройство on Садовое некоммерческое товарищество &#34;Орбита&#34;</description>
        <generator>Hugo -- gohugo.io</generator>
        <language>ru-RU</language>
        <lastBuildDate>Sun, 25 Jun 2023 00:00:00 +0000</lastBuildDate><atom:link href="https://cnt-orbita.ru/categories/%D0%B1%D0%BB%D0%B0%D0%B3%D0%BE%D1%83%D1%81%D1%82%D1%80%D0%BE%D0%B9%D1%81%D1%82%D0%B2%D0%BE/index.xml" rel="self" type="application/rss+xml" /><item>
        <title>Ремонт подъездной дороги</title>
        <link>https://cnt-orbita.ru/p/remont-podezdnoj-dorogi/</link>
        <pubDate>Sun, 25 Jun 2023 00:00:00 +0000</pubDate>
        
        <guid>https://cnt-orbita.ru/p/remont-podezdnoj-dorogi/</guid>
        <description>&lt;p&gt;&lt;img src=&#34;https://cnt-orbita.ru/p/remont-podezdnoj-dorogi/image.png&#34;
	width=&#34;1197&#34;
	height=&#34;1600&#34;
	srcset=&#34;https://cnt-orbita.ru/p/remont-podezdnoj-dorogi/image_hu_49ca1eca99540e0.png 480w, https://cnt-orbita.ru/p/remont-podezdnoj-dorogi/image_hu_2d9f728201403529.png 1024w&#34;
	loading=&#34;lazy&#34;
	
		alt=&#34;Вместе мы можем улучшить наше садоводство.&#34;
	
	
		class=&#34;gallery-image&#34; 
		data-flex-grow=&#34;74&#34;
		data-flex-basis=&#34;179px&#34;
	
&gt;&lt;/p&gt;
&lt;p&gt;Хотим поблагодарить рабочую группу, которая организовала всю работу по ремонту дороги, а именно:&lt;/p&gt;
&lt;ul&gt;
&lt;li&gt;Александр Кульчицкий&lt;/li&gt;
&lt;li&gt;Роман Ишков&lt;/li&gt;
&lt;li&gt;Белов Андрей&lt;/li&gt;
&lt;li&gt;Игорь Лисин&lt;/li&gt;
&lt;li&gt;Далхат Созаев&lt;/li&gt;
&lt;/ul&gt;
&lt;p&gt;А также садоводов, которые пришли на помощь рабочей группе :&lt;/p&gt;
&lt;ul&gt;
&lt;li&gt;Андрей Бондаренко&lt;/li&gt;
&lt;li&gt;Сергей Ткаченко&lt;/li&gt;
&lt;li&gt;Михаил Сарана&lt;/li&gt;
&lt;li&gt;Валентин Кулешов&lt;/li&gt;
&lt;li&gt;Никита&lt;/li&gt;
&lt;/ul&gt;
&lt;p&gt;А также &lt;strong&gt;Веронику Новикову&lt;/strong&gt;, которая организовала питание.&lt;/p&gt;
&lt;p&gt;Благодарим вас за выполненную работу, за потраченное время, за приложенные старания и силы, а главное – за превосходный результат!&lt;/p&gt;
&lt;p&gt;В качестве выполнения работы можно не сомневаться – оно просто на высоте!&lt;/p&gt;
</description>
        </item>
        <item>
        <title>Субботник на озере 10.06.23 в 11:00</title>
        <link>https://cnt-orbita.ru/p/subbotnic-u-ozera-23/</link>
        <pubDate>Fri, 02 Jun 2023 00:00:00 +0000</pubDate>
        
        <guid>https://cnt-orbita.ru/p/subbotnic-u-ozera-23/</guid>
        <description>&lt;p&gt;&lt;img src=&#34;https://cnt-orbita.ru/p/subbotnic-u-ozera-23/image.png&#34;
	width=&#34;749&#34;
	height=&#34;499&#34;
	srcset=&#34;https://cnt-orbita.ru/p/subbotnic-u-ozera-23/image_hu_dec393e8c90830d9.png 480w, https://cnt-orbita.ru/p/subbotnic-u-ozera-23/image_hu_219a28da7f58b0bf.png 1024w&#34;
	loading=&#34;lazy&#34;
	
		alt=&#34;Приглашаем всех садоводов на субботник!&#34;
	
	
		class=&#34;gallery-image&#34; 
		data-flex-grow=&#34;150&#34;
		data-flex-basis=&#34;360px&#34;
	
&gt;&lt;/p&gt;
&lt;p&gt;Встречаемся у озера в 11:00&lt;/p&gt;
&lt;p&gt;12 июня 2023 года в нашем садоводстве пройдёт ежегодный субботник.&lt;/p&gt;
&lt;p&gt;Основные задачи:&lt;/p&gt;
&lt;ol&gt;
&lt;li&gt;Собрать мусор&lt;/li&gt;
&lt;li&gt;Спилить сухие деревья&lt;/li&gt;
&lt;li&gt;Скосить траву&lt;/li&gt;
&lt;li&gt;Определить судьбу детской площадки&lt;/li&gt;
&lt;/ol&gt;
</description>
        </item>
        <item>
        <title>Борщевик в СНТ</title>
        <link>https://cnt-orbita.ru/p/borzhevik-v-snt/</link>
        <pubDate>Thu, 01 Jun 2023 00:00:00 +0000</pubDate>
        
        <guid>https://cnt-orbita.ru/p/borzhevik-v-snt/</guid>
        <description>&lt;p&gt;Уважаемые садоводы, в нашем садоводстве все чаще встречается растение Борщевик Сосновского.
Необходимо контролировать его рост и не допустить распространения на новые территории.
Избавиться от борщевика очень сложно. Начинать борьбу надо в мае, еще до цветения.
По ссылке можно ознакомиться с рекомендациями от &lt;a class=&#34;link&#34; href=&#34;https://fsvps.gov.ru/ru/fsvps/news/36717.html&#34;  target=&#34;_blank&#34; rel=&#34;noopener&#34;
    &gt;РОССЕЛЬХОЗНАДЗОРА&lt;/a&gt;.&lt;/p&gt;
&lt;p&gt;&lt;img src=&#34;https://cnt-orbita.ru/p/borzhevik-v-snt/image.png&#34;
	width=&#34;683&#34;
	height=&#34;684&#34;
	srcset=&#34;https://cnt-orbita.ru/p/borzhevik-v-snt/image_hu_a496cfdd2210d333.png 480w, https://cnt-orbita.ru/p/borzhevik-v-snt/image_hu_aa89c5e20603cba9.png 1024w&#34;
	loading=&#34;lazy&#34;
	
		alt=&#34;борьба с борщевиком&#34;
	
	
		class=&#34;gallery-image&#34; 
		data-flex-grow=&#34;99&#34;
		data-flex-basis=&#34;239px&#34;
	
&gt;&lt;/p&gt;
&lt;p&gt;Если вы увидели в местах общего пользования или на участках Борщевик просьба сообщить в правление&lt;/p&gt;
</description>
        </item>
        
    </channel>
</rss>
