[{"content":"Уведомление Собрание проводится по инициативе Правления СНТ «Орбита»\nПовестка дня общего собрания членов СНТ «Орбита»:\nУтверждение «Положения о порядке выдвижения и регистрации кандидатов на должность Председателя СНТ «Орбита», кандидатов в состав Правления и состав Ревизионной комиссии». Выборы Органов управления СНТ «Орбита» на срок два года, согласно списка зарегистрированных кандидатов (размещен ниже Повестки дня). Рассмотрение и утверждение ФЭО и сметы доходов и расходов на 2026 год. Утверждение размера членских взносов на 2026 год и сроков их внесения. Утверждение размера целевых взносов на 2026 год и сроков их внесения. Рассмотрение и утверждение Отчета Правления СНТ «Орбита» о проделанной работе и исполнению сметы доходов и расходов за 2024 год. Рассмотрение и утверждение Отчета Ревизионной комиссии СНТ «Орбита» по итогам проверки за 2024 год. Утверждение изменений и дополнений в Устав СНТ «Орбита». Утверждение штатного расписания СНТ «Орбита» на 2026 год. Список зарегистрированных кандидатов в Выборные органы СНТ «Орбита» для включения их в бюллетень для голосования на очередном общем собрании членов СНТ:\nПредседатель СНТ:\n- Заика Владимир Петрович; - Степанова Анна Андреевна. Члены Правления:\n- Лобанов Николай Михайлович; - Ткаченко Сергей Иванович; - Витер Андрей Дмитриевич; - Красавина Екатерина Владимировна; - Старцева Анна Эдуардовна; - Платов Константин Николаевич. Члены Ревизионной комиссии:\n- Майструк Сергей Николаевич; - Зотова Ольга Михайловна; - Шишлова Наталья Валерьевна. Регистрация участников общего собрания будет проводиться в Правлении СНТ с 11.00 до 12.00 07. 06.2025 г.\nПри себе иметь членскую книжку садовода или паспорт гражданина РФ.\nПредварительно ознакомиться с материалами общего собрания можно на\nофициальном сайте СНТ «Орбита» , Telegram канале СНТ ОРБИТА, в помещении Правления СНТ по субботам с 12.00 до 14.00 в помещении Правления. Приглашаем всех членов СНТ принять активное участие в проведении собрания или в случае Вашего отсутствия, просим в соответствии с Уставом СНТ, передать право голосования доверенному лицу, оформив доверенность.\nИзменения и дополнения в Устав СНТ «Орбита» 1. Изменения в Устав СНТ «Орбита» 2023 г. Название должности Председателя Правления СНТ «Орбита» изменить на Председатель СНТ «Орбита».\n2. Внести дополнения: В раздел 8 п.5 изложить в следующей редакции « Председателем Товарищества не может быть избран член Товарищества, являющийся менее 3 лет членом СНТ, имеющий задолженность по выплате взносов на дату проведения Общего собрания»; В разделе 9. п.11 изложить в следующей редакции « Членом Правления не может быть избран член Товарищества, являющийся менее 1 года членом СНТ, имеющий задолженность по выплате взносов на дату проведения Общего собрания»; В Разделе 10. п. 6 изложить в следующей редакции « Членом Ревизионной комиссии (ревизором) не может быть избран член Товарищества, являющийся менее 1 года членом СНТ, имеющим задолженность по выплате взносов на дату проведения Общего собрания». ","date":"2025-05-21T00:00:00Z","permalink":"https://cnt-orbita.ru/p/sobranie-06-2025/","title":"Уведомление о провеведении очередного общего собрания СНТ Орбита"},{"content":"Уважаемые члены СНТ «ОРБИТА»!\nИнформируем вас о завершении приема анкет кандидатов в выборные органы управления СНТ. В соответствии с Положением о порядке выдвижения и регистрации кандидатов на должность Председателя СНТ, кандидатов в состав Правления и Ревизионной комиссии, публикуем предварительный список претендентов для голосования на очередном общем собрании:\nПредседатель СНТ: Заика Владимир Петрович; Степанова Анна Андреевна. Члены Правления: Лобанов Николай Михайлович; Ткаченко Сергей Иванович; Витер Андрей Дмитриевич; Красавина Екатерина Владимировна; Чумак Екатерина Петровна; Старцева Анна Эдуардовна; Платов Константин Николаевич. Члены Ревизионной комиссии: Майструк Сергей Николаевич; Зотова Ольга Михайловна; Шишлова Наталья Валерьевна. Для ознакомления с анкетами кандидатов и получения информации о претендентах на выборные должности перейдите по ссылкам:\nАнкеты кандидатов, выдвинутых группой СНТ Анкеты кандидатов, выдвинутых лично ","date":"2025-04-25T00:00:00Z","permalink":"https://cnt-orbita.ru/p/uvedomlenie-o-zavershenii-priema-pravleniem-anket-kandidatov-v-vybornye-organy/","title":"Уведомление о завершении приема Правлением Анкет кандидатов в Выборные органы."},{"content":"Уважаемые члены СНТ «ОРБИТА»!\nВ целях подготовки к проведению очередного общего очного собрания членов СНТ, на котором планируются выборы Органов управления, уведомляем:\nПериод для регистрации кандидатов в выборные органы управления определен с 01.04.2025г. по 14.04.2025г.\nПрием анкет кандидатов производится в дни приема в помещении Правления с 11:00 до 14:00.\nПорядок выдвижения и регистрации определен в размещенном на официальном сайте СНТ «Положении о порядке выдвижения и регистрации кандидатов на должность Председателя СНТ «Орбита», кандидатов в состав Правления и Ревизионной комиссии».\nПравление СНТ «Орбита»\n31 марта 2025 г.\n","date":"2025-03-31T00:00:00Z","permalink":"https://cnt-orbita.ru/p/uvedomlenie-o-nachale-priema-pravleniem-anket-kandidatov-v-vybornye-organy/","title":"Уведомление о начале приема Правлением Анкет кандидатов в Выборные органы."},{"content":"\nПо информации «Ленинградской областной противопожарно-спасательной службы», ежегодно в весенне-летний период значительно увеличивается количество пожаров. Основные причины пожаров – неосторожное обращение с огнем:\nсжигание сухой травы, разведение костров, неосторожность при курении, при обращении с бытовыми электрическимиприборами. Напоминаем, основные Правила, которые должны соблюдать садоводы на своих участках:\nЗапрещается использовать противопожарные расстояния между зданиями и сооружениями для хранения мусора (в том числе травы и бытовых отходов), материалов, оборудования и тары.\nСжигать мусор, траву, опавшую листву, отходы, продукты и материалы вне специально оборудованных мест. Предусмотрено, что костер можно разжигать в специальных углублениях (ямах, траншеях) в земле глубиной не менее 0,3 метра и шириной не более 1 метра. Необходимо оборудовать специальную площадку, на которой устанавливаются металлические емкости (бочки, мангалы, емкости) из негорючих материалов объемом не более 1куб.м. При использовании открытого огня для сжигания мусора расстояние до домов и других построек должно быть не менее 15 метров. Сжигание сухой травы, веток и других легковоспламеняющихся растений в бочках или других несгораемых контейнерах сократит расстояние до зданий вдвое.\nНеобходимо своевременно вывозить мусор, опавшую листву и косить траву.\nНе допускать сброса горючих отходов. Отказаться от использования легковоспламеняющихся жидкостей.\nБыть оснащенным необходимым инвентарем для тушения пожаров (ведрами, лопатами и т.п.), иметь под рукой огнетушитель или большу емкость с водой.\nПравление СНТ «Орбита»\n25 марта 2025 г.\n","date":"2025-03-25T00:00:00Z","permalink":"https://cnt-orbita.ru/p/protivopozharnyj-rezhim-2025/","title":"Противопожарный режим 2025"},{"content":"\n","date":"2025-03-15T00:00:00Z","permalink":"https://cnt-orbita.ru/p/ogranichenie-ts-24/","title":"Ограничение движения транспорных средств в СНТ Орбита"},{"content":"Уважаемые члены СНТ «ОРБИТА»!\nВ целях подготовки к проведению общего собрания членов СНТ, запланированного на первую субботу июня 2025 г. представляем вам Положение о порядке выдвижения и регистрации кандидатов на должность Председателя Товарищества, кандидатов в состав Правления и состав Ревизионной комиссии СНТ «Орбита”. С данным Положением можно ознакомиться лично в помещении Правления по субботам с 12.00. до 14.00.\nПоложение о выборах\n02.03.2025\nПравление СНТ «Орбита»\nЭлектронная почта: sntorbita56@yandex.ru\nСайт: https://cnt-orbita.ru/\n","date":"2025-03-02T00:00:00Z","permalink":"https://cnt-orbita.ru/p/poryadok-vydvizheniya-i-registraczii-kandidatov/","title":"Порядок выдвижения и регистрации кандидатов"},{"content":"Уважаемые члены СНТ «ОРБИТА»!\nЕще раз обращаемся к вам относительно оплаты членских и целевых взносов. Сроки оплаты, утвержденные общим собранием давно прошли. Однако, на 9 сентября взносы за текущий год оплатили полностью или частично только 37% садоводов. Мы благодарны тем членам СНТ, которые произвели оплату. Которым небезразлична судьба СНТ.\nНами в этом году закрыт долг перед ПСК за использованную электроэнергию. Было бы очень хорошо, пока позволяет погода, завершить начатые работы по ремонту дорог в СНТ и особенно подъездной дороги. Продолжить прокладку линии освещения улиц. Полагать, что для этого достаточно денег полученных от ФНС ошибка. Единственный источник финансирования в СНТ – это уплата садоводами ежегодных взносов. Без этого не обойтись.\nПризываем всех правильно оценить ситуацию и добросовестно выполнить свои обязанности по уплате членских и целевых взносов.\n10.09.2024\nПравление СНТ «Орбита»​​​​\n","date":"2024-09-10T00:00:00Z","permalink":"https://cnt-orbita.ru/p/vznosi-09-24/","title":"Оплата членских и целевых взносов 2024 год"},{"content":"Уважаемые садоводы!\nПросьба ознакомиться с итогами голосования и решениями, принятыми общим собранием СНТ \u0026ldquo;Орбита\u0026rdquo;.\nГолосование 2024. Итоги Подсчет голосов Протокол № 5 ","date":"2024-07-12T00:00:00Z","permalink":"https://cnt-orbita.ru/p/itogi-golosovaniya-07-24/","title":"Итоги голосования и решениями, принятыми общим собранием СНТ \"Орбита\" 07.2024"},{"content":"Уважаемые садоводы!\nНиже представлен бюллетень заочного голосования 2024.\nПросьба ознакомиться.\n","date":"2024-06-19T00:00:00Z","permalink":"https://cnt-orbita.ru/p/byulleten-zaochnogo-golosovaniya-2024/","title":"Бюллетень заочного голосования 2024"},{"content":"Уважаемые садоводы, члены нашего СНТ!\nПредвыборное выступление президента в марте этого года вселило в садоводов надежду о скором решении вопроса с газификацией. Этот вопрос важен для всех. Для тех, кто круглогодично проживает – это лучшее решение проблемы отопления. Для тех, кто пользуется дачей сезонно или дачный инвестор – это было бы удачным способом повысить рыночную стоимость участка.\nРанее мы неоднократно пытались решить этот вопрос на возмездной основе, но выставляемые суммы, которые с каждым разом всё возрастали, оказались для нас заградительным барьером.\nТеперь, когда в социальную программу бесплатной догазификации могут быть включены СНТ, этот вопрос встал заново.\nЕдиным оператором газификации РФ назначен «Газпром» и создан портал для разъяснения и удалённого решения возникающих в этой связи вопросов у граждан и организаций connectgas.ru\nНа станичке портала даны подробные разъяснения о возможности и порядке подключения СНТ к газовой сети. Вот точная цитата:\nДогазификация СНТ\nФактическое присоединение газоиспользующего оборудования к газораспределительным сетям, расположенного в домовладениях, принадлежащих физическим лицам на праве собственности или на ином предусмотренном законом праве, намеревающимся использовать газ для удовлетворения личных, семейных, домашних и иных нужд, не связанных с осуществлением предпринимательской (профессиональной) деятельности, и находящихся внутри границ территории ведения гражданами садоводства для собственных нужд (далее — территория садоводства), осуществляется исполнителем до границ земельных участков, занятых указанными домовладениями, без взимания средств с заявителя за оказание услуги по подключению (технологическому присоединению), при условии что территория садоводства располагается в границах населенного пункта, в котором проложены газораспределительные сети, по которым осуществляется транспортировка газа, или программой газификации жилищно-коммунального хозяйства, промышленных и иных организаций в текущем календарном году предусмотрено строительство газораспределительных сетей до границ территории садоводства, подключение (технологическое присоединение).\nПодключение (технологическое присоединение) выполняется на основании договора, заключаемого по типовой форме (приложение № 8 к Правилам подключения (технологического присоединения) газоиспользующего оборудования и объектов капитального строительства к сетям газораспределения, утвержденным Постановлением Правительства от 13.09.2021 № 1547 (далее — Правила подключения)) на основании заявки (приложение № 7 к Правилам подключения).\nСроки подключения будут указаны в договоре. Проверьте наличие необходимых документов перед подачей заявки.\nИз этого ясно, что пока наше СНТ ОРБИТА не подпадает под условия этой ПРОГРАММЫ бесплатной догазификации, и нам остаётся надеяться на процесс ПЕРЕСПЕКТИВНОЙ ГАЗИФИКАЗИИ, планы которой формируются в администрациях, в нашем случае в Виллозском ГП.\nДальнейшее углублённое изучение документов выявляет дополнительные тонкости. Так например важно, как оформлено домовладение и внесено в ЕГРН: заявка будет принята только от домовладельца «жилого дома», то есть, если садоводы оформили и внесли в ЕГРН свои дома как садовые, придётся переоформить в жилые.\nТакже необходимы решения общего собрания об использовании ЗЕМЕЛЬ ОБЩЕГО ПОЛЬЗОВАНИЯ для прокладки газовых коммуникаций. Форма ПРОТОКОЛОВ общего собрания утверждена, посмотреть можно в ПРИЛОЖЕНИИ.\nЕсть надежда, что в ближайшие год-два ситуация улучшится. Так если посмотреть актуальную карту Яндекса и набрать в поиске «деревня Пикколово», то мы увидим, что теперь по другую сторону нашего Пушкинского шоссе вновь образованный район Пикколово фактически соединился с СНТ Красногорское, и перспективы этого СНТ по газификации резко улучшились. Хотя в этом году программа газификации в Виллозском ГП очень скромная: на газпромовской карте Лен.области https://www.gazprommap.ru/lenobl/ под номером 208 обозначен объект «Строительство распределительного газопровода для газификации Виллозского ГП.» Однако ни одно СНТ в эту ПРОГРАММУ не входит. В целом эта Виллозская программа небольшая по стоимости, планирует догазифицировать в текущем 2024 году 500чел.\nКлючевым вопросом о включении в ПЛАН ПЕРСПЕКТИВНОЙ ГАЗИФИКАЦИИ является коллективная заявка от СНТ и согласие на использование земель общего пользования на прокладку газовых коммуникаций.\nИсходя из этой ситуации Правление СНТ ОРБИТА предлагает:\nПринять решение о подаче коллективной заявки от СНТ ОРБИТА на включение в программу ПЕРСПЕКТИВНОЙ ГАЗИФИКАЦИИ и дать согласие на использование земель общего пользования для прокладки газовых коммуникаций с тем, чтобы при возникновении условий попадания нашего СНТ ОРБИТА в ПРОГРАММУ ГАЗИФИКАЦИИ незамедлительно подать заявку.\nСоздать инициативную группу для подключения по социальной ПРОГРАМММЕ догазификации для того, чтобы эта инициативная группа более подробно изучила вопрос и держала руку на пульсе событий, вела общение с Администрацией Виллозского ГП, и другими организациями, участвующими в этом процессе. Также необходимо увязать эту проблему газификации с вопросом оформления ЗЕМЕЛЬ ОБЩЕГО ПОЛЬЗОВАНИЯ в долевую собственность.\nСобственникам домовладений также предлагаем готовиться к этому процессу. В частности необходимо переводить дома в разряд «жилой дом» и вносить соответствующие изменения в ЕГРН.\n12.06.2024\nПравление СНТ «Орбита»​​​​\n","date":"2024-06-12T00:00:00Z","permalink":"https://cnt-orbita.ru/p/predlozhenie-pravleniya-snt-orbita-obshhemu-sobraniyu-po-voprosu-gazifikaczii/","title":"Предложение правления СНТ ОРБИТА общему собранию по вопросу газификации"},{"content":"\n","date":"2024-06-06T00:00:00Z","permalink":"https://cnt-orbita.ru/p/uuvedomlenie-o-provedenii-ochno-zaochnogo-ocherednogo-obshhego-sobraniya-2024/","title":"Уведомление о проведении очно-заочного очередного общего собрания"},{"content":"\n","date":"2024-06-05T00:00:00Z","permalink":"https://cnt-orbita.ru/p/protocol-zasedania-pravlenia-9/","title":"Протокол заседания правления номер 9"},{"content":"Уважаемые садоводы! Убедительная просьба ознакомиться с документами!\nПроект штатного расписания Отчет по смете за 2023 год Отчет ревизионной комиссии ","date":"2024-05-31T00:00:00Z","permalink":"https://cnt-orbita.ru/p/otchet-za-2023/","title":"Отчет за 2023 год"},{"content":"На общем собрании мы должны утвердить Реестр нашего СНТ.\nПоскольку Реестр содержит персональные данные которые мы не можем выложить в публичный доступ, ознакомиться с информацией, внесенной в Реестр можно в индивидуальном порядке в часы приема в Правления СНТ.\nРеестр без персональных данных доступен по ссылке.\n","date":"2024-05-22T00:00:00Z","permalink":"https://cnt-orbita.ru/p/reestr-snt-2024/","title":"Реестр СНТ 2024"},{"content":"Форма проведения собрания: Очередное очное голосование членов СНТ “Орбита”.\nМесто проведения собрания: 188508, Ленинградская область, Ломоносовский район, городское поселение Виллозское, тер. СНТ \u0026ldquo;Орбита\u0026rdquo;, помещение Правления.(уч.28)\nВремя проведения собрания: 1 июня 2024 года с 12:00 до 14:00\nСобрание проводится по инициативе Правления СНТ «ОРБИТА».\nПовестка дня общего собрания членов СНТ «Орбита»:\nРассмотрение и утверждение отчета Правления СНТ «Орбита» о проделанной работе и исполнении сметы доходов и расходов на 2023 г. Рассмотрение и утверждение отчета Ревизионной комиссии СНТ «Орбита» по итогам проверок за 2023 год. Рассмотрение и утверждение изменений и дополнений в ФЭО и смету доходов и расходов на 2024 год. Рассмотрение и утверждение ФЭО и сметы доходов и расходов на 2025 год, Утверждение размера членских и целевых взносов на 2025 год Утверждение реестра членов СНТ «Орбита» Утверждение штатного расписания СНТ «Орбита» на 2024 и 2025 год». Включение СНТ «Орбита» в программу социальной газификации, запущенной Правительством РФ по поручению Президента в 2021 году. Регистрация участников общего собрания будет проводиться в Правлении СНТ с 11.00 до 12.00 01.06.2024.\nПри себе иметь членскую книжку садовода или паспорт гражданина РФ.\nПредварительно ознакомиться с материалами общего собрания можно на официальном сайте СНТ «Орбита» (cnt-orbita.ru), Telegram канале СНТ ОРБИТА, в помещении Правления СНТ (18 и 25 мая с 11.00 до 14.00) .\nПолучить разъяснения по вопросам, вынесенным в повестку дня можно каждую субботу с 12.00 до 14.00. в помещении Правления.\nПриглашаем всех членов СНТ принять активное участие в проведении собрания или в случае Вашего отсутствия, просим в соответствии с Уставом СНТ, передать право голосования доверенному лицу , оформив доверенность и заверив её у Председателя Правления.\n28.04.2024\nПредседатель правления СНТ «Орбита»​​​​ Заика В.П.\n","date":"2024-04-28T00:00:00Z","permalink":"https://cnt-orbita.ru/p/uvedomlenie-o-provedenii-sobraniya-2024/","title":"Уведомление о проведении собрания"},{"content":"\nНа период действия особого противопожарного режима вводятся дополнительные требования пожарной безопасности, ограничивается посещение лесов.\nУстанавливаются дополнительные запреты, в том числе на:\nразведение костров на территориях поселений и городских округов, садоводческих, огороднических и дачных некоммерческих объединений граждан; сжигание мусора, стерни, пожнивных и порубочных остатков, сухой растительности, листвы и камыша; проведение неконтролируемых отжигов сухой растительности, а также пожароопасных работ; несанкционированные свалки твердых бытовых и горючих отходов. Также стоит учитывать, что из-за сложившихся климатических условий в Ленинградской области ухудшается лесопожарная обстановка и увеличивается риск возникновения чрезвычайных ситуаций, связанных с переходом огня на населённые пункты и объекты экономики.\nСоблюдайте правила пожарной безопасности!\n","date":"2024-03-26T00:00:00Z","permalink":"https://cnt-orbita.ru/p/protivopozharnyj-rezhim-2024/","title":"Противопожарный режим"},{"content":"Уважаемые садоводы,\nВ соответствии с ПРИКАЗОМ Комитета по дорожному хозяйству Ленинградской области от 19.03.2024 №06/24 «О введении временных ограничений движения транспортных средств по автомобильным дорогам общего пользования регионального значения в весенний и летний периоды 2024»\nВ период с 1апреля по 30 апреля временно запретить движение транспортных средств с грузом или без груза по дорогам общего пользования СНТ «Орбита» у которых нагрузка на каждую ось превышает 3 тонны.\nЗапрет вводится в связи с возникновением неблагоприятных условий, сопровождающихся снижением несущей способности дорог в весенний период и необходимостью сохранения конструктивных элементов дорог.\nВременный запрет движения не распространяется на аварийную и пожарную технику, транспорт, обслуживающий электросети, транспортные средства, осуществляющие вывоз твердых бытовых отходов, медицинский транспорт.\nКонтроль за соблюдением временного запрета осуществляет пост охраны, овсех нарушениях докладывает Председателю СНТ.\nВиновные в нарушении временного запрета возмещают нанесенный вред дорогам общего пользования СНТ в соответствии с «Положением о въезде грузового транспорта».\nПриказ от 19.03.2024\n","date":"2024-03-25T00:00:00Z","permalink":"https://cnt-orbita.ru/p/vremennoe-ogranichenie-dvizheniya-transportnykh-sredstv-2024/","title":"Временное ограничение движения транспортных средств"},{"content":"Уважаемые жители садоводства!\nНаступило время подвести итоги по уплатам членских и целевых взносов членами нашего СНТ в 2023 году.\nНа 12.10.23 г. мы имели:\nУчастков не имеющих долгов 122 (31,9%); Участков имеющих долги за один год и более 261(68,1%). На 27.12.23 г. имеем:\nУчастков не имеющих долгов 205 (53,5%); Участков имеющих долги за один год и более 178 (46,5%). Причем, более 20 участков, имеющих долги за один год и более, частично оплатили их.\nВсем членам СНТ, выполнившим свои обязанности по уплате взносов, большое спасибо за ваши действия.\nВ соответствии с утвержденным Уставом в новой редакции и решением общего собрания членов СНТ членские и целевые взносы за 2024 год необходимо внести на расчетный счет СНТ в течение трех месяцев (январь – март). Сразу отвечаем на возможные вопросы, что ФЭО и смета на 2024 год утверждены на последнем общем собрании, Устав в новой редакции зарегистрирован, ошибочная запись в ЕГРЮЛ по должности председателя устранена. Причин для неуплаты взносов нет.\nПоздравляем всех с Наступающим Новым Годом!\nПравление СНТ «ОРБИТА»\n","date":"2023-12-28T00:00:00Z","permalink":"https://cnt-orbita.ru/p/itogi-2023/","title":"Итоги 2023 года"},{"content":"Объявление\n​Уважаемые садоводы ! Начинаем подготовку к очередному собранию СНТ «ОРБИТА», которое должно состояться в начале июня 2024 года. Наряду с другими текущими вопросами, Правление предлагает включить в повестку собрания вопрос об оформлении земель общего пользования в долевую собственность. Выносим это предложение на ознакомление и публичное обсуждение собственников участков СНТ «ОРБИТА».\nВопросы и предложения просим передавать в Правление любым удобным способом.\n​ПРЕДЛОЖЕНИЕ ПРАВЛЕНИЯ СНТ «ОРБИТА» от 2.12.2023\nО включении вопроса об оформлении права долевой собственности на земли общего пользования в повестку дня очередного собрания СНТ\n1. СПРАВОЧНАЯ ИНФОРМАЦИЯ (Источник – выписка РОСЕРЕСТРА от 2.11.2023)\nОбщая площадь земель общего пользования СНТ «ОРБИТА» 95112 кв.м., кадастровый номер 47:14:0000000:40970. Кадастровая стоимость 62690221.44руб, дата присвоения кадастрового номера31.03.2023. Сведения о зарегистрированных правах отсутствуют.\n2. ИСТОРИЯ ВОПРОСА\nНа основании Решения исполкома Ломоносовского районного Совета народных депутатов №171/4 от 25.07.91 о первоначальном выделении земель, и последующими Постановлением мэра Ломоносовского района №74/21 от 26.03.92г и Акта на право пользования землей в размере 41.97га были утверждены границы территории и планировка участков и дорог СНТ «ОРБИТА». Было выдано Свидетельство 11/146 от 26октября1992года о праве коллективно-долевой собственности на землю садоводческому товариществу «ОРБИТА».\nИз территории СНТ «ОРБИТА» впоследствии либо путём приватизации, либо покупки ранее приватизированных участков, были выделены участки собственников. На данный момент на территории СНТ «ОРБИТА» насчитывается 363 участка собственников и ведётся их Реестр.\nТакже из территории СНТ «ОРБИТА» были выделены ЗЕМЛИ ОБЩЕГО ПОЛЬЗОВАНИЯ (далее ЗОП). В 2020 году была подана заявка на геодезию и кадастровые работы ЗОП, и в марте 2023 был присвоен кадастровый номер, однако прав собственности на ЗОП не возникло.\nНа основе ранее полученных документов сохранилось право постоянного пользования ЗОП. Налоги на ЗОП СНТ «ОРБИТА» платит как юридическое лицо из взносов членов СНТ согласно п.1 ст.388 Налогового Кодекса РФ.\nПоскольку с введением нового Земельного кодекса в 2001коллективно-долевая форма собственности в РФ не предусмотрена, после введения 217-ФЗ в 2017 году оставшаяся после межевания участков собственников земля в границах территории СНТ вернулась в муниципальную собственность.\nСогласно п. 2.7 статьи 3 Федерального закона от 25.10.2001 N 137-ФЗ \u0026ldquo;О введении в действие Земельного кодекса Российской Федерации\u0026rdquo;, ЗОП до 1 марта 2031 года предоставляются бесплатно в общую долевую собственность собственникам земельных участков,расположенных в границах территории СНТ, пропорционально площади земельных участков собственников.\nТакже п. 16 статьи 54 Закона N 217-ФЗ установлено, что право коллективной совместной собственности граждан на земельные участки общего назначения СНТ признается правом общей долевой собственности лиц, являющихся собственниками земельных участков, расположенных в границах территории ведения гражданами садоводства или огородничества для собственных нужд, пропорционально площади этих участков.\n3. ПРОЦЕДУРА оформления права долевой собственности на ЗОП\nПри принятии общим собранием собственников на территории СНТ «ОРБИТА» решения об оформлении права долевой собственности на ЗОП, одновременно избирается представитель указанных лиц, уполномоченный на подачу соответствующего заявления в орган, осуществляющий государственный кадастровый учет и государственную регистрацию прав. ( ч. 29 ст. 17 Закона N 217-ФЗ)\nРешение принимается 2/3 голосов от числа зарегистрированных при условии наличия кворума (более 50% собственников), протокол оформляется с учётом требований ч.28 ст.17 Закона N 217-ФЗ. Голос каждого участника пропорционален площади участка.\nДалее необходимо подать одно заявление об оформлении права долевой собственности уполномоченным собранием СНТ лицом, одновременно приложив к заявлению соответствующий протокол, оформленный в рамках Закона N 217-ФЗ.\nЗаявление можно подать в МФЦ или РОСРЕЕСТР\nВ соответствии с подпунктом 26 пункта 1 статьи 333.33 Налогового кодекса Российской Федерации, за государственную регистрацию прав физических лиц на имущество общего пользования уплачивается государственная пошлина в размере 100 рублей, каждым собственником.\n4. Что изменится после оформления права долевой собственности на ЗОП?\nБудет закончен начатый в 2020г процесс оформления земель общего пользования в собственность садоводов.\nДолевая собственность это форма частной собственности. Общее собрание собственников получит дополнительные права по управлению и использованию ЗОП по законам РФ.\nНалоги на долю ЗОП будет платить каждый собственникпосле получения ежегодного налогового уведомления в соответствии со своей долей. Соответственно снимается налоговая нагрузка на бюджет СНТ (порядка 190000руб).\nСдача в аренду, другие действия наиболее важные действия с ЗОП возможны только по решению не менее 2/3 дольщиков. А продажа, передача - только по решению 100%дольшиков.\nПоявится дополнительная защита в случае отчуждения земель в пользу государства или муниципалов.\nЮридическое лицо СНТ «ОРБИТА» не вправе распоряжаться ЗОП, а только управлять этими землями в соответствии с решениями общего собрания дольщиков.\nПравление СНТ \u0026ldquo;Орбита\u0026rdquo;\n","date":"2023-12-02T00:00:00Z","permalink":"https://cnt-orbita.ru/p/gotovimsya-k-sobraniyu-v-iyune-2024/","title":"Готовимся к собранию в июне 2024"},{"content":"\nОзнакомится с задолжностью по участкам\n","date":"2023-10-12T00:00:00Z","permalink":"https://cnt-orbita.ru/p/zadolzhnost-na-10-2023/","title":"Задолжность на октябрь 2023 года"},{"content":"Уважаемые садоводы!\nПросьба ознакомиться с итогами голосования и решениями, принятыми общим собранием СНТ \u0026ldquo;Орбита\u0026rdquo;.\nПротокол общего собрания Протокол подсчета результатов голосования 2023 Результаты по участкам ","date":"2023-08-31T00:00:00Z","permalink":"https://cnt-orbita.ru/p/itogi-golosovaniya-08-23/","title":"Итоги голосования и решениями, принятыми общим собранием СНТ \"Орбита\" 08.2023"},{"content":"Объявление\nИнформация о порядке проведения очередного общего собрания членов СНТ «ОРБИТА», проводимого в очно-заочной форме голосования в период с 19.08.2023 г. по 26.08.2023 г.\nПовестка собрания полностью соответствует повестке общего собрания от 05.08.2023г., не состоявшегося из-за отсутствия кворума. Начало заочного голосования по бюллетеням - 19.08.23 г. Обход всех участков с доставкой бюллетеней для голосования на дом будет 19.08 и 20.08.2023г с 11:00 до 16:00. Окончание заочного голосования по бюллетеням - 25.08.23 г. в 20:00. В этот же период (19.08-25.08.23 г.) Правлением осуществляется приём бюллетеней любым документально подтвержденным способом до 20:00 25.08.23 г. (подробности на сайте СНТ Орбита https://cnt-orbita.ru) Либо же личной явкой в Правление 24.08.23 г. и 25.08.23 г. с 18:00 до 20:00. Очную часть голосования провести в Правлении 26.08.23. с 11:00 до 13:00. Итоги голосования подвести членам Правления СНТ после завершения очной части голосования до 31.08.23т. и довести их до членов СНТ.\n9.08.2023\nПравление СНТ \u0026ldquo;Орбита\u0026rdquo;\n","date":"2023-08-09T00:00:00Z","permalink":"https://cnt-orbita.ru/p/ochno-zaochnoe-golosovanie-v-period-s-19082023-g-po-26082023-g/","title":"Очно-заочное голосование в период с 19.08.2023 г. по 26.08.2023 г."},{"content":"Объявление 5 августа 2023 года в 12-00 состоится ОБЩЕЕ СОБРАНИЕ членов СНТ «ОРБИТА» с повесткой:\nУтверждение Устава СНТ «ОРБИТА» в новой редакции. Утверждение Положения о порядке подготовки и проведения общего собрания СНТ «ОРБИТА». Утверждение Положения о Ревизионной комиссии СНТ «ОРБИТА». Утверждение Правил внутреннего распорядка СНТ «ОРБИТА». Утверждение Положения о въезде грузового транспорта. Утверждение Положения о защите персональных данных в СНТ «ОРБИТА» Утверждение ФЭО и сметы доходов и расходов СНТ «ОРБИТА» на 2023 год. Утверждение ФЭО и сметы доходов и расходов СНТ «ОРБИТА» на 2024 год. Регистрация участников собрания будет происходить в помещении Правления СНТ «ОРБИТА» 5 августа с 11-00 до 12-00.\nДокументы для ознакомления представлены Документы\n","date":"2023-07-19T00:00:00Z","permalink":"https://cnt-orbita.ru/p/sobranie-05-08-2023/","title":"ОБЩЕЕ СОБРАНИЕ членов СНТ «ОРБИТА»"},{"content":"\nВ Субботу 8.07 с 17:00 до 21:00 на участке 252 на Цветочной улице пройдёт выставка картин на свежем воздухе.\nВ вечерней программе виниловая музыка, фуршет, общение и нежные акварели от нашего местного художника Елены, понравившиеся картины можно будет приобрести! Приходите знакомиться. Вход свободный!\nP.S. В случае дождя возможен перенос, о котором сообщим дополнительно в чате телеграм.\n06.07.2023\nПравление СНТ \u0026ldquo;Орбита\u0026rdquo;\n","date":"2023-07-06T00:00:00Z","permalink":"https://cnt-orbita.ru/p/vystavka-kartin-eleny-losevoj/","title":"Выставка картин Елены Лосевой!"},{"content":"Уважаемые садоводы!\nНаше садоводство ранее находилось на территории Виллозского сельского поселения.\nВ соответствии с Законом Ленинградской области от 29.12.2016 № 113-оз «Об административно-территориальных преобразованиях в Ломоносовском муниципальном районе Ленинградской области, в связи с изменением категории населенного пункта Виллози» Виллозское сельское поселение получило статус “Виллозского городского поселения”. Данный статус предполагает, что администрация Виллозского городского поселения самостоятельно распоряжается землями в пределах поселения.\nВ наше СНТ поступил запрос из администрации Виллози о предоставлении реестра земельных участков, расположенных на территории СНТ.\nСуществует вероятность, что участки, не внесенные в реестр, могут быть переданы администрацией Виллози, согласно очереди, жителям поселения, в первую очередь участникам СВО, многодетным и т.д. Правлению СНТ в кратчайшие сроки необходимо сформировать достоверный реестр. Для этого от каждого собственника (правообладателя) земельного участка необходимы следующие документы:\nСогласие на обработку персональных данных скачать. Заявление о подтверждении членства в СНТ “Орбита” скачать. Копия членской книжки (страницы с номером участка, кадастровым номером, датой выдачи). Копия паспорта (разворот с фотографией и страница с регистрацией) Копия СНИЛС Выписка из ЕГРН (Можно получить Онлайн-выписку бесплатно через сайт Госуслуги). Документы можно предоставить лично в правление СНТ в часы приема:\nсреда - 18:00 - 20:15 суббота - 11:00 - 14:00 Или отправить в отсканированном виде на адрес электронной почты: sntorbita56@yandex.ru\n29.06.2023\nПравление СНТ \u0026ldquo;Орбита\u0026rdquo;\n","date":"2023-06-29T00:00:00Z","permalink":"https://cnt-orbita.ru/p/pereimenovanie-villozskogo-selskogo-poseleniya/","title":"Переименование Виллозского сельского поселения"},{"content":"\nХотим поблагодарить рабочую группу, которая организовала всю работу по ремонту дороги, а именно:\nАлександр Кульчицкий Роман Ишков Белов Андрей Игорь Лисин Далхат Созаев А также садоводов, которые пришли на помощь рабочей группе :\nАндрей Бондаренко Сергей Ткаченко Михаил Сарана Валентин Кулешов Никита А также Веронику Новикову, которая организовала питание.\nБлагодарим вас за выполненную работу, за потраченное время, за приложенные старания и силы, а главное – за превосходный результат!\nВ качестве выполнения работы можно не сомневаться – оно просто на высоте!\n","date":"2023-06-25T00:00:00Z","permalink":"https://cnt-orbita.ru/p/remont-podezdnoj-dorogi/","title":"Ремонт подъездной дороги"},{"content":"\nНа период действия особого противопожарного режима вводятся дополнительные требования пожарной безопасности, ограничивается посещение лесов.\nУстанавливаются дополнительные запреты, в том числе на:\nразведение костров на территориях поселений и городских округов, садоводческих, огороднических и дачных некоммерческих объединений граждан; сжигание мусора, стерни, пожнивных и порубочных остатков, сухой растительности, листвы и камыша; проведение неконтролируемых отжигов сухой растительности, а также пожароопасных работ; несанкционированные свалки твердых бытовых и горючих отходов. Также стоит учитывать, что из-за сложившихся климатических условий в Ленинградской области ухудшается лесопожарная обстановка и увеличивается риск возникновения чрезвычайных ситуаций, связанных с переходом огня на населённые пункты и объекты экономики.\nСоблюдайте правила пожарной безопасности!\n","date":"2023-06-02T00:00:00Z","permalink":"https://cnt-orbita.ru/p/protivopozharnyj-rezhim-2023/","title":"Противопожарный режим"},{"content":"\nВстречаемся у озера в 11:00\n12 июня 2023 года в нашем садоводстве пройдёт ежегодный субботник.\nОсновные задачи:\nСобрать мусор Спилить сухие деревья Скосить траву Определить судьбу детской площадки ","date":"2023-06-02T00:00:00Z","permalink":"https://cnt-orbita.ru/p/subbotnic-u-ozera-23/","title":"Субботник на озере 10.06.23 в 11:00"},{"content":"Уважаемые садоводы, в нашем садоводстве все чаще встречается растение Борщевик Сосновского. Необходимо контролировать его рост и не допустить распространения на новые территории. Избавиться от борщевика очень сложно. Начинать борьбу надо в мае, еще до цветения. По ссылке можно ознакомиться с рекомендациями от РОССЕЛЬХОЗНАДЗОРА.\nЕсли вы увидели в местах общего пользования или на участках Борщевик просьба сообщить в правление\n","date":"2023-06-01T00:00:00Z","permalink":"https://cnt-orbita.ru/p/borzhevik-v-snt/","title":"Борщевик в СНТ"}]