<?xml version="1.0" encoding="utf-8" standalone="yes"?>
<rss version="2.0" xmlns:atom="http://www.w3.org/2005/Atom">
    <channel>
        <title>Разное on Садовое некоммерческое товарищество &#34;Орбита&#34;</title>
        <link>https://cnt-orbita.ru/categories/%D1%80%D0%B0%D0%B7%D0%BD%D0%BE%D0%B5/</link>
        <description>Recent content in Разное on Садовое некоммерческое товарищество &#34;Орбита&#34;</description>
        <generator>Hugo -- gohugo.io</generator>
        <language>ru-RU</language>
        <lastBuildDate>Thu, 06 Jul 2023 00:00:00 +0000</lastBuildDate><atom:link href="https://cnt-orbita.ru/categories/%D1%80%D0%B0%D0%B7%D0%BD%D0%BE%D0%B5/index.xml" rel="self" type="application/rss+xml" /><item>
        <title>Выставка картин Елены Лосевой!</title>
        <link>https://cnt-orbita.ru/p/vystavka-kartin-eleny-losevoj/</link>
        <pubDate>Thu, 06 Jul 2023 00:00:00 +0000</pubDate>
        
        <guid>https://cnt-orbita.ru/p/vystavka-kartin-eleny-losevoj/</guid>
        <description>&lt;p&gt;&lt;img src=&#34;https://cnt-orbita.ru/p/vystavka-kartin-eleny-losevoj/image.png&#34;
	width=&#34;1680&#34;
	height=&#34;1680&#34;
	srcset=&#34;https://cnt-orbita.ru/p/vystavka-kartin-eleny-losevoj/image_hu_4f977bebed590933.png 480w, https://cnt-orbita.ru/p/vystavka-kartin-eleny-losevoj/image_hu_c39a6d32a71e88dd.png 1024w&#34;
	loading=&#34;lazy&#34;
	
		alt=&#34;Акварель&#34;
	
	
		class=&#34;gallery-image&#34; 
		data-flex-grow=&#34;100&#34;
		data-flex-basis=&#34;240px&#34;
	
&gt;&lt;/p&gt;
&lt;p&gt;В &lt;strong&gt;Субботу 8.07 с 17:00 до 21:00 на участке 252 на Цветочной улице&lt;/strong&gt; пройдёт выставка картин на свежем воздухе.&lt;/p&gt;
&lt;p&gt;В вечерней программе виниловая музыка, фуршет, общение и нежные акварели от нашего местного художника Елены, понравившиеся картины можно будет приобрести!
Приходите знакомиться.
Вход свободный!&lt;/p&gt;
&lt;p&gt;&lt;strong&gt;P.S.&lt;/strong&gt; В случае дождя возможен перенос, о котором сообщим дополнительно в чате телеграм.&lt;/p&gt;
&lt;p&gt;06.07.2023&lt;/p&gt;
&lt;p&gt;Правление СНТ &amp;ldquo;Орбита&amp;rdquo;&lt;/p&gt;
</description>
        </item>
        
    </channel>
</rss>
