<?xml version="1.0" encoding="utf-8" standalone="yes"?>
<rss version="2.0" xmlns:atom="http://www.w3.org/2005/Atom">
    <channel>
        <title>Отчет on Садовое некоммерческое товарищество &#34;Орбита&#34;</title>
        <link>https://cnt-orbita.ru/categories/%D0%BE%D1%82%D1%87%D0%B5%D1%82/</link>
        <description>Recent content in Отчет on Садовое некоммерческое товарищество &#34;Орбита&#34;</description>
        <generator>Hugo -- gohugo.io</generator>
        <language>ru-RU</language>
        <lastBuildDate>Fri, 12 Jul 2024 00:00:00 +0000</lastBuildDate><atom:link href="https://cnt-orbita.ru/categories/%D0%BE%D1%82%D1%87%D0%B5%D1%82/index.xml" rel="self" type="application/rss+xml" /><item>
        <title>Итоги голосования и решениями, принятыми общим собранием СНТ &#34;Орбита&#34; 07.2024</title>
        <link>https://cnt-orbita.ru/p/itogi-golosovaniya-07-24/</link>
        <pubDate>Fri, 12 Jul 2024 00:00:00 +0000</pubDate>
        
        <guid>https://cnt-orbita.ru/p/itogi-golosovaniya-07-24/</guid>
        <description>&lt;p&gt;Уважаемые садоводы!&lt;/p&gt;
&lt;p&gt;Просьба ознакомиться с итогами голосования и решениями, принятыми общим собранием СНТ &amp;ldquo;Орбита&amp;rdquo;.&lt;/p&gt;
&lt;ul&gt;
&lt;li&gt;&lt;strong&gt;&lt;a class=&#34;link&#34; href=&#34;itogi0724.pdf&#34; &gt;Голосование 2024. Итоги&lt;/a&gt;&lt;/strong&gt;&lt;/li&gt;
&lt;li&gt;&lt;strong&gt;&lt;a class=&#34;link&#34; href=&#34;golosa0724.pdf&#34; &gt;Подсчет голосов&lt;/a&gt;&lt;/strong&gt;&lt;/li&gt;
&lt;li&gt;&lt;strong&gt;&lt;a class=&#34;link&#34; href=&#34;protocol_5_0724.docx&#34; &gt;Протокол № 5&lt;/a&gt;&lt;/strong&gt;&lt;/li&gt;
&lt;/ul&gt;
</description>
        </item>
        <item>
        <title>Протокол заседания правления номер 9</title>
        <link>https://cnt-orbita.ru/p/protocol-zasedania-pravlenia-9/</link>
        <pubDate>Wed, 05 Jun 2024 00:00:00 +0000</pubDate>
        
        <guid>https://cnt-orbita.ru/p/protocol-zasedania-pravlenia-9/</guid>
        <description>&lt;p&gt;&lt;img src=&#34;https://cnt-orbita.ru/p/protocol-zasedania-pravlenia-9/image1.png&#34;
	width=&#34;1281&#34;
	height=&#34;1924&#34;
	srcset=&#34;https://cnt-orbita.ru/p/protocol-zasedania-pravlenia-9/image1_hu_31dc1c9b964126f9.png 480w, https://cnt-orbita.ru/p/protocol-zasedania-pravlenia-9/image1_hu_1e59c9db0cbb6c2c.png 1024w&#34;
	loading=&#34;lazy&#34;
	
		alt=&#34;страница 1&#34;
	
	
		class=&#34;gallery-image&#34; 
		data-flex-grow=&#34;66&#34;
		data-flex-basis=&#34;159px&#34;
	
&gt;&lt;/p&gt;
&lt;p&gt;&lt;img src=&#34;https://cnt-orbita.ru/p/protocol-zasedania-pravlenia-9/image.png&#34;
	width=&#34;1277&#34;
	height=&#34;1835&#34;
	srcset=&#34;https://cnt-orbita.ru/p/protocol-zasedania-pravlenia-9/image_hu_4efef48b17a1da4f.png 480w, https://cnt-orbita.ru/p/protocol-zasedania-pravlenia-9/image_hu_15480afbf9d46d32.png 1024w&#34;
	loading=&#34;lazy&#34;
	
		alt=&#34;страница 2&#34;
	
	
		class=&#34;gallery-image&#34; 
		data-flex-grow=&#34;69&#34;
		data-flex-basis=&#34;167px&#34;
	
&gt;&lt;/p&gt;
</description>
        </item>
        <item>
        <title>Отчет за 2023 год</title>
        <link>https://cnt-orbita.ru/p/otchet-za-2023/</link>
        <pubDate>Fri, 31 May 2024 00:00:00 +0000</pubDate>
        
        <guid>https://cnt-orbita.ru/p/otchet-za-2023/</guid>
        <description>&lt;p&gt;Уважаемые садоводы!
Убедительная просьба ознакомиться с документами!&lt;/p&gt;
&lt;ul&gt;
&lt;li&gt;&lt;strong&gt;&lt;a class=&#34;link&#34; href=&#34;project_shtatka.pdf&#34; &gt;Проект штатного расписания&lt;/a&gt;&lt;/strong&gt;&lt;/li&gt;
&lt;li&gt;&lt;strong&gt;&lt;a class=&#34;link&#34; href=&#34;otchet_smeta_2023.pdf&#34; &gt;Отчет по смете за 2023 год&lt;/a&gt;&lt;/strong&gt;&lt;/li&gt;
&lt;li&gt;&lt;strong&gt;&lt;a class=&#34;link&#34; href=&#34;otchet_rev_kom.pdf&#34; &gt;Отчет ревизионной комиссии&lt;/a&gt;&lt;/strong&gt;&lt;/li&gt;
&lt;/ul&gt;
</description>
        </item>
        <item>
        <title>Итоги голосования и решениями, принятыми общим собранием СНТ &#34;Орбита&#34; 08.2023</title>
        <link>https://cnt-orbita.ru/p/itogi-golosovaniya-08-23/</link>
        <pubDate>Thu, 31 Aug 2023 00:00:00 +0000</pubDate>
        
        <guid>https://cnt-orbita.ru/p/itogi-golosovaniya-08-23/</guid>
        <description>&lt;p&gt;Уважаемые садоводы!&lt;/p&gt;
&lt;p&gt;Просьба ознакомиться с итогами голосования и решениями, принятыми общим собранием СНТ &amp;ldquo;Орбита&amp;rdquo;.&lt;/p&gt;
&lt;ul&gt;
&lt;li&gt;&lt;strong&gt;&lt;a class=&#34;link&#34; href=&#34;protocol_08_2023.pdf&#34; &gt;Протокол общего собрания&lt;/a&gt;&lt;/strong&gt;&lt;/li&gt;
&lt;li&gt;&lt;strong&gt;&lt;a class=&#34;link&#34; href=&#34;protocol_08_2023_01.pdf&#34; &gt;Протокол подсчета результатов голосования 2023&lt;/a&gt;&lt;/strong&gt;&lt;/li&gt;
&lt;li&gt;&lt;strong&gt;&lt;a class=&#34;link&#34; href=&#34;protocol_08_2023_02.pdf&#34; &gt;Результаты по участкам&lt;/a&gt;&lt;/strong&gt;&lt;/li&gt;
&lt;/ul&gt;
</description>
        </item>
        
    </channel>
</rss>
