<?xml version="1.0" encoding="utf-8" standalone="yes"?>
<rss version="2.0" xmlns:atom="http://www.w3.org/2005/Atom">
    <channel>
        <title>Важное on Садовое некоммерческое товарищество &#34;Орбита&#34;</title>
        <link>https://cnt-orbita.ru/categories/%D0%B2%D0%B0%D0%B6%D0%BD%D0%BE%D0%B5/</link>
        <description>Recent content in Важное on Садовое некоммерческое товарищество &#34;Орбита&#34;</description>
        <generator>Hugo -- gohugo.io</generator>
        <language>ru-RU</language>
        <lastBuildDate>Fri, 25 Apr 2025 00:00:00 +0000</lastBuildDate><atom:link href="https://cnt-orbita.ru/categories/%D0%B2%D0%B0%D0%B6%D0%BD%D0%BE%D0%B5/index.xml" rel="self" type="application/rss+xml" /><item>
        <title>Уведомление о завершении приема Правлением Анкет кандидатов в Выборные органы.</title>
        <link>https://cnt-orbita.ru/p/uvedomlenie-o-zavershenii-priema-pravleniem-anket-kandidatov-v-vybornye-organy/</link>
        <pubDate>Fri, 25 Apr 2025 00:00:00 +0000</pubDate>
        
        <guid>https://cnt-orbita.ru/p/uvedomlenie-o-zavershenii-priema-pravleniem-anket-kandidatov-v-vybornye-organy/</guid>
        <description>&lt;p&gt;Уважаемые члены СНТ «ОРБИТА»!&lt;/p&gt;
&lt;p&gt;Информируем вас о завершении приема анкет кандидатов в выборные органы управления СНТ.
В соответствии с Положением о порядке выдвижения и регистрации кандидатов на должность Председателя СНТ, кандидатов в состав Правления и Ревизионной комиссии, публикуем предварительный список претендентов для голосования на очередном общем собрании:&lt;/p&gt;
&lt;ol&gt;
&lt;li&gt;Председатель СНТ:&lt;/li&gt;
&lt;/ol&gt;
&lt;ul&gt;
&lt;li&gt;Заика Владимир Петрович;&lt;/li&gt;
&lt;li&gt;Степанова Анна Андреевна.&lt;/li&gt;
&lt;/ul&gt;
&lt;ol start=&#34;2&#34;&gt;
&lt;li&gt;Члены Правления:&lt;/li&gt;
&lt;/ol&gt;
&lt;ul&gt;
&lt;li&gt;Лобанов Николай Михайлович;&lt;/li&gt;
&lt;li&gt;Ткаченко Сергей Иванович;&lt;/li&gt;
&lt;li&gt;Витер Андрей Дмитриевич;&lt;/li&gt;
&lt;li&gt;Красавина Екатерина Владимировна;&lt;/li&gt;
&lt;li&gt;Чумак Екатерина Петровна;&lt;/li&gt;
&lt;li&gt;Старцева Анна Эдуардовна;&lt;/li&gt;
&lt;li&gt;Платов Константин Николаевич.&lt;/li&gt;
&lt;/ul&gt;
&lt;ol start=&#34;3&#34;&gt;
&lt;li&gt;Члены Ревизионной комиссии:&lt;/li&gt;
&lt;/ol&gt;
&lt;ul&gt;
&lt;li&gt;Майструк Сергей Николаевич;&lt;/li&gt;
&lt;li&gt;Зотова Ольга Михайловна;&lt;/li&gt;
&lt;li&gt;Шишлова Наталья Валерьевна.&lt;/li&gt;
&lt;/ul&gt;
&lt;p&gt;Для ознакомления с анкетами кандидатов и получения информации о претендентах на выборные должности перейдите по ссылкам:&lt;/p&gt;
&lt;ul&gt;
&lt;li&gt;&lt;strong&gt;&lt;a class=&#34;link&#34; href=&#34;group.pdf&#34; &gt;Анкеты кандидатов, выдвинутых группой СНТ&lt;/a&gt;&lt;/strong&gt;&lt;/li&gt;
&lt;li&gt;&lt;strong&gt;&lt;a class=&#34;link&#34; href=&#34;self.pdf&#34; &gt;Анкеты кандидатов, выдвинутых лично&lt;/a&gt;&lt;/strong&gt;&lt;/li&gt;
&lt;/ul&gt;
</description>
        </item>
        <item>
        <title>Уведомление о начале приема Правлением Анкет кандидатов в Выборные органы.</title>
        <link>https://cnt-orbita.ru/p/uvedomlenie-o-nachale-priema-pravleniem-anket-kandidatov-v-vybornye-organy/</link>
        <pubDate>Mon, 31 Mar 2025 00:00:00 +0000</pubDate>
        
        <guid>https://cnt-orbita.ru/p/uvedomlenie-o-nachale-priema-pravleniem-anket-kandidatov-v-vybornye-organy/</guid>
        <description>&lt;p&gt;Уважаемые члены СНТ «ОРБИТА»!&lt;/p&gt;
&lt;p&gt;В целях подготовки к проведению очередного общего очного собрания членов СНТ, на котором планируются выборы Органов управления, уведомляем:&lt;/p&gt;
&lt;ol&gt;
&lt;li&gt;
&lt;p&gt;Период для регистрации кандидатов в выборные органы управления определен с 01.04.2025г. по 14.04.2025г.&lt;/p&gt;
&lt;/li&gt;
&lt;li&gt;
&lt;p&gt;Прием анкет кандидатов производится в дни приема в помещении Правления с 11:00 до 14:00.&lt;/p&gt;
&lt;/li&gt;
&lt;li&gt;
&lt;p&gt;Порядок выдвижения и регистрации определен в размещенном на официальном сайте СНТ «Положении о порядке выдвижения и регистрации кандидатов на должность Председателя СНТ «Орбита», кандидатов в состав Правления и Ревизионной комиссии».&lt;/p&gt;
&lt;/li&gt;
&lt;/ol&gt;
&lt;p&gt;Правление СНТ «Орбита»&lt;/p&gt;
&lt;p&gt;31 марта 2025 г.&lt;/p&gt;
</description>
        </item>
        <item>
        <title>Противопожарный режим 2025</title>
        <link>https://cnt-orbita.ru/p/protivopozharnyj-rezhim-2025/</link>
        <pubDate>Tue, 25 Mar 2025 00:00:00 +0000</pubDate>
        
        <guid>https://cnt-orbita.ru/p/protivopozharnyj-rezhim-2025/</guid>
        <description>&lt;p&gt;&lt;img src=&#34;https://cnt-orbita.ru/p/protivopozharnyj-rezhim-2025/image.png&#34;
	width=&#34;626&#34;
	height=&#34;417&#34;
	srcset=&#34;https://cnt-orbita.ru/p/protivopozharnyj-rezhim-2025/image_hu_a6c8960bc4a11d38.png 480w, https://cnt-orbita.ru/p/protivopozharnyj-rezhim-2025/image_hu_511e6855c11548ad.png 1024w&#34;
	loading=&#34;lazy&#34;
	
		alt=&#34;Ваша безопасность – ваша ответственность!&#34;
	
	
		class=&#34;gallery-image&#34; 
		data-flex-grow=&#34;150&#34;
		data-flex-basis=&#34;360px&#34;
	
&gt;&lt;/p&gt;
&lt;p&gt;По информации «Ленинградской областной противопожарно-спасательной службы», ежегодно в весенне-летний период значительно увеличивается количество пожаров. Основные причины пожаров – неосторожное обращение с огнем:&lt;/p&gt;
&lt;ul&gt;
&lt;li&gt;сжигание сухой травы,&lt;/li&gt;
&lt;li&gt;разведение костров,&lt;/li&gt;
&lt;li&gt;неосторожность при курении,&lt;/li&gt;
&lt;li&gt;при обращении с бытовыми электрическимиприборами.&lt;/li&gt;
&lt;/ul&gt;
&lt;p&gt;Напоминаем, основные Правила, которые должны соблюдать садоводы на своих участках:&lt;/p&gt;
&lt;ol&gt;
&lt;li&gt;
&lt;p&gt;Запрещается использовать противопожарные расстояния между зданиями и сооружениями для хранения мусора (в том числе травы и бытовых отходов), материалов, оборудования и тары.&lt;/p&gt;
&lt;/li&gt;
&lt;li&gt;
&lt;p&gt;Сжигать мусор, траву, опавшую листву, отходы, продукты и материалы вне специально оборудованных мест. Предусмотрено, что костер можно разжигать в специальных углублениях (ямах, траншеях) в земле глубиной не менее 0,3 метра и шириной не более 1 метра. Необходимо оборудовать специальную площадку, на которой устанавливаются металлические емкости (бочки, мангалы, емкости) из негорючих материалов объемом не более 1куб.м. При использовании открытого огня для сжигания мусора расстояние до домов и других построек должно быть не менее 15 метров. Сжигание сухой травы, веток и других легковоспламеняющихся растений в бочках или других несгораемых контейнерах сократит расстояние до зданий вдвое.&lt;/p&gt;
&lt;/li&gt;
&lt;li&gt;
&lt;p&gt;Необходимо своевременно вывозить мусор, опавшую листву и косить траву.&lt;/p&gt;
&lt;/li&gt;
&lt;li&gt;
&lt;p&gt;Не допускать сброса горючих отходов. Отказаться от использования легковоспламеняющихся жидкостей.&lt;/p&gt;
&lt;/li&gt;
&lt;li&gt;
&lt;p&gt;Быть оснащенным необходимым инвентарем для тушения пожаров (ведрами, лопатами и т.п.), иметь под рукой огнетушитель или большу емкость с водой.&lt;/p&gt;
&lt;/li&gt;
&lt;/ol&gt;
&lt;p&gt;Правление СНТ «Орбита»&lt;/p&gt;
&lt;p&gt;25 марта 2025 г.&lt;/p&gt;
</description>
        </item>
        <item>
        <title>Порядок выдвижения и регистрации кандидатов</title>
        <link>https://cnt-orbita.ru/p/poryadok-vydvizheniya-i-registraczii-kandidatov/</link>
        <pubDate>Sun, 02 Mar 2025 00:00:00 +0000</pubDate>
        
        <guid>https://cnt-orbita.ru/p/poryadok-vydvizheniya-i-registraczii-kandidatov/</guid>
        <description>&lt;p&gt;Уважаемые члены СНТ «ОРБИТА»!&lt;/p&gt;
&lt;p&gt;В целях подготовки к проведению общего собрания членов СНТ, запланированного на первую субботу июня 2025 г. представляем вам Положение о порядке выдвижения и регистрации кандидатов на должность Председателя Товарищества, кандидатов в состав Правления и состав Ревизионной комиссии СНТ «Орбита”.
С данным Положением можно ознакомиться лично в помещении Правления по субботам с 12.00. до 14.00.&lt;/p&gt;
&lt;p&gt;&lt;strong&gt;&lt;a class=&#34;link&#34; href=&#34;polozhenie_o_viborah.pdf&#34; &gt;Положение о выборах&lt;/a&gt;&lt;/strong&gt;&lt;/p&gt;
&lt;p&gt;02.03.2025&lt;/p&gt;
&lt;p&gt;Правление СНТ «Орбита»&lt;/p&gt;
&lt;p&gt;Электронная почта: &lt;a class=&#34;link&#34; href=&#34;mailto:sntorbita56@yandex.ru&#34; &gt;sntorbita56@yandex.ru&lt;/a&gt;&lt;/p&gt;
&lt;p&gt;Сайт: &lt;a class=&#34;link&#34; href=&#34;https://cnt-orbita.ru/&#34;  target=&#34;_blank&#34; rel=&#34;noopener&#34;
    &gt;https://cnt-orbita.ru/&lt;/a&gt;&lt;/p&gt;
</description>
        </item>
        <item>
        <title>Оплата членских и целевых взносов 2024 год</title>
        <link>https://cnt-orbita.ru/p/vznosi-09-24/</link>
        <pubDate>Tue, 10 Sep 2024 00:00:00 +0000</pubDate>
        
        <guid>https://cnt-orbita.ru/p/vznosi-09-24/</guid>
        <description>&lt;p&gt;Уважаемые члены СНТ «ОРБИТА»!&lt;/p&gt;
&lt;p&gt;Еще раз обращаемся к вам относительно оплаты членских и целевых взносов. Сроки оплаты, утвержденные общим собранием давно прошли. Однако, на &lt;strong&gt;9 сентября&lt;/strong&gt; взносы за текущий год оплатили полностью или частично только &lt;strong&gt;37%&lt;/strong&gt; садоводов. Мы благодарны тем членам СНТ, которые произвели оплату. Которым небезразлична судьба СНТ.&lt;/p&gt;
&lt;p&gt;Нами в этом году закрыт долг перед ПСК за использованную электроэнергию. Было бы очень хорошо, пока позволяет погода, завершить начатые работы по ремонту дорог в СНТ и особенно подъездной дороги. Продолжить прокладку линии освещения улиц. Полагать, что для этого достаточно денег полученных от ФНС ошибка. Единственный источник финансирования в СНТ – это уплата садоводами ежегодных взносов. Без этого не обойтись.&lt;/p&gt;
&lt;p&gt;Призываем всех правильно оценить ситуацию и добросовестно выполнить свои обязанности по уплате членских и целевых взносов.&lt;/p&gt;
&lt;p&gt;10.09.2024&lt;/p&gt;
&lt;p&gt;Правление СНТ «Орбита»​​​​&lt;/p&gt;
</description>
        </item>
        <item>
        <title>Итоги голосования и решениями, принятыми общим собранием СНТ &#34;Орбита&#34; 07.2024</title>
        <link>https://cnt-orbita.ru/p/itogi-golosovaniya-07-24/</link>
        <pubDate>Fri, 12 Jul 2024 00:00:00 +0000</pubDate>
        
        <guid>https://cnt-orbita.ru/p/itogi-golosovaniya-07-24/</guid>
        <description>&lt;p&gt;Уважаемые садоводы!&lt;/p&gt;
&lt;p&gt;Просьба ознакомиться с итогами голосования и решениями, принятыми общим собранием СНТ &amp;ldquo;Орбита&amp;rdquo;.&lt;/p&gt;
&lt;ul&gt;
&lt;li&gt;&lt;strong&gt;&lt;a class=&#34;link&#34; href=&#34;itogi0724.pdf&#34; &gt;Голосование 2024. Итоги&lt;/a&gt;&lt;/strong&gt;&lt;/li&gt;
&lt;li&gt;&lt;strong&gt;&lt;a class=&#34;link&#34; href=&#34;golosa0724.pdf&#34; &gt;Подсчет голосов&lt;/a&gt;&lt;/strong&gt;&lt;/li&gt;
&lt;li&gt;&lt;strong&gt;&lt;a class=&#34;link&#34; href=&#34;protocol_5_0724.docx&#34; &gt;Протокол № 5&lt;/a&gt;&lt;/strong&gt;&lt;/li&gt;
&lt;/ul&gt;
</description>
        </item>
        <item>
        <title>Бюллетень заочного голосования 2024</title>
        <link>https://cnt-orbita.ru/p/byulleten-zaochnogo-golosovaniya-2024/</link>
        <pubDate>Wed, 19 Jun 2024 00:00:00 +0000</pubDate>
        
        <guid>https://cnt-orbita.ru/p/byulleten-zaochnogo-golosovaniya-2024/</guid>
        <description>&lt;p&gt;Уважаемые садоводы!&lt;/p&gt;
&lt;p&gt;Ниже представлен бюллетень заочного голосования 2024.&lt;/p&gt;
&lt;p&gt;Просьба ознакомиться.&lt;/p&gt;
&lt;p&gt;&lt;img src=&#34;https://cnt-orbita.ru/p/byulleten-zaochnogo-golosovaniya-2024/image.png&#34;
	width=&#34;1242&#34;
	height=&#34;1755&#34;
	srcset=&#34;https://cnt-orbita.ru/p/byulleten-zaochnogo-golosovaniya-2024/image_hu_9c522ad63c909bbd.png 480w, https://cnt-orbita.ru/p/byulleten-zaochnogo-golosovaniya-2024/image_hu_2956df6afc596a8e.png 1024w&#34;
	loading=&#34;lazy&#34;
	
		alt=&#34;заочного голосования 2024&#34;
	
	
		class=&#34;gallery-image&#34; 
		data-flex-grow=&#34;70&#34;
		data-flex-basis=&#34;169px&#34;
	
&gt;&lt;/p&gt;
</description>
        </item>
        <item>
        <title>Предложение правления СНТ ОРБИТА общему собранию по вопросу газификации</title>
        <link>https://cnt-orbita.ru/p/predlozhenie-pravleniya-snt-orbita-obshhemu-sobraniyu-po-voprosu-gazifikaczii/</link>
        <pubDate>Wed, 12 Jun 2024 00:00:00 +0000</pubDate>
        
        <guid>https://cnt-orbita.ru/p/predlozhenie-pravleniya-snt-orbita-obshhemu-sobraniyu-po-voprosu-gazifikaczii/</guid>
        <description>&lt;p&gt;Уважаемые садоводы, члены нашего СНТ!&lt;/p&gt;
&lt;p&gt;Предвыборное выступление президента в марте этого года вселило в садоводов надежду о скором решении вопроса с газификацией. Этот вопрос важен для всех. Для тех, кто круглогодично проживает – это лучшее решение проблемы отопления. Для тех, кто пользуется дачей сезонно или дачный инвестор – это было бы удачным способом повысить рыночную стоимость участка.&lt;/p&gt;
&lt;p&gt;Ранее мы неоднократно пытались решить этот вопрос на возмездной основе, но выставляемые суммы, которые с каждым разом всё возрастали, оказались для нас заградительным барьером.&lt;/p&gt;
&lt;p&gt;Теперь, когда в социальную программу бесплатной догазификации могут быть включены СНТ, этот вопрос встал заново.&lt;/p&gt;
&lt;p&gt;Единым оператором газификации РФ назначен «Газпром» и создан портал для разъяснения и удалённого решения возникающих в этой связи вопросов у граждан и организаций connectgas.ru&lt;/p&gt;
&lt;p&gt;На станичке &lt;strong&gt;&lt;a class=&#34;link&#34; href=&#34;https://connectgas.ru/stages/dogasification/&#34;  target=&#34;_blank&#34; rel=&#34;noopener&#34;
    &gt;портала&lt;/a&gt;&lt;/strong&gt; даны подробные разъяснения о возможности и порядке подключения СНТ к газовой сети. Вот точная цитата:&lt;/p&gt;
&lt;p&gt;Догазификация СНТ&lt;/p&gt;
&lt;p&gt;Фактическое присоединение газоиспользующего оборудования к газораспределительным сетям, расположенного в домовладениях, принадлежащих физическим лицам на праве собственности или на ином предусмотренном законом праве, намеревающимся использовать газ для удовлетворения личных, семейных, домашних и иных нужд, не связанных с осуществлением предпринимательской (профессиональной) деятельности, и находящихся внутри границ территории ведения гражданами садоводства для собственных нужд (далее — территория садоводства), осуществляется исполнителем до границ земельных участков, занятых указанными домовладениями, без взимания средств с заявителя за оказание услуги по подключению (технологическому присоединению), при условии что территория садоводства располагается в границах населенного пункта, в котором проложены газораспределительные сети, по которым осуществляется транспортировка газа, или программой газификации жилищно-коммунального хозяйства, промышленных и иных организаций в текущем календарном году предусмотрено строительство газораспределительных сетей до границ территории садоводства, подключение (технологическое присоединение).&lt;/p&gt;
&lt;p&gt;Подключение (технологическое присоединение) выполняется на основании договора, заключаемого по типовой форме (приложение № 8 к Правилам подключения (технологического присоединения) газоиспользующего оборудования и объектов капитального строительства к сетям газораспределения, утвержденным Постановлением Правительства от 13.09.2021 № 1547 (далее — Правила подключения)) на основании заявки (приложение № 7 к Правилам подключения).&lt;/p&gt;
&lt;p&gt;Сроки подключения будут указаны в договоре. Проверьте наличие необходимых документов перед подачей заявки.&lt;/p&gt;
&lt;p&gt;Из этого ясно, что пока наше СНТ ОРБИТА не подпадает под условия этой ПРОГРАММЫ бесплатной догазификации, и нам остаётся надеяться на процесс ПЕРЕСПЕКТИВНОЙ ГАЗИФИКАЗИИ, планы которой формируются в администрациях, в нашем случае в Виллозском ГП.&lt;/p&gt;
&lt;p&gt;Дальнейшее углублённое изучение документов выявляет дополнительные тонкости. Так например важно, как оформлено домовладение и внесено в ЕГРН: заявка будет принята только от домовладельца «жилого дома», то есть, если садоводы оформили и внесли в ЕГРН свои дома как садовые, придётся переоформить в жилые.&lt;/p&gt;
&lt;p&gt;Также необходимы решения общего собрания об использовании ЗЕМЕЛЬ ОБЩЕГО ПОЛЬЗОВАНИЯ для прокладки газовых коммуникаций. Форма ПРОТОКОЛОВ общего собрания утверждена, посмотреть можно в ПРИЛОЖЕНИИ.&lt;/p&gt;
&lt;p&gt;Есть надежда, что в ближайшие год-два ситуация улучшится. Так если посмотреть актуальную карту Яндекса и набрать в поиске «деревня Пикколово», то мы увидим, что теперь по другую сторону нашего Пушкинского шоссе вновь образованный район Пикколово фактически соединился с СНТ Красногорское, и перспективы этого СНТ по газификации резко улучшились. Хотя в этом году программа газификации в Виллозском ГП очень скромная: на газпромовской карте Лен.области &lt;a class=&#34;link&#34; href=&#34;https://www.gazprommap.ru/lenobl/&#34;  target=&#34;_blank&#34; rel=&#34;noopener&#34;
    &gt;https://www.gazprommap.ru/lenobl/&lt;/a&gt; под номером 208 обозначен объект «Строительство распределительного газопровода для газификации Виллозского ГП.» Однако ни одно СНТ в эту ПРОГРАММУ не входит. В целом эта Виллозская программа небольшая по стоимости, планирует догазифицировать в текущем 2024 году 500чел.&lt;/p&gt;
&lt;p&gt;Ключевым вопросом о включении в ПЛАН ПЕРСПЕКТИВНОЙ ГАЗИФИКАЦИИ является коллективная заявка от СНТ и согласие на использование земель общего пользования на прокладку газовых коммуникаций.&lt;/p&gt;
&lt;p&gt;Исходя из этой ситуации Правление СНТ ОРБИТА предлагает:&lt;/p&gt;
&lt;ol&gt;
&lt;li&gt;
&lt;p&gt;Принять решение о подаче коллективной заявки от СНТ ОРБИТА на включение в программу ПЕРСПЕКТИВНОЙ ГАЗИФИКАЦИИ и дать согласие на использование земель общего пользования для прокладки газовых коммуникаций с тем, чтобы при возникновении условий попадания нашего СНТ ОРБИТА в ПРОГРАММУ ГАЗИФИКАЦИИ незамедлительно подать заявку.&lt;/p&gt;
&lt;/li&gt;
&lt;li&gt;
&lt;p&gt;Создать инициативную группу для подключения по социальной ПРОГРАМММЕ догазификации для того, чтобы эта инициативная группа более подробно изучила вопрос и держала руку на пульсе событий, вела общение с Администрацией Виллозского ГП, и другими организациями, участвующими в этом процессе. Также необходимо увязать эту проблему газификации с вопросом оформления ЗЕМЕЛЬ ОБЩЕГО ПОЛЬЗОВАНИЯ в долевую собственность.&lt;/p&gt;
&lt;/li&gt;
&lt;li&gt;
&lt;p&gt;Собственникам домовладений также предлагаем готовиться к этому процессу. В частности необходимо переводить дома в разряд «жилой дом» и вносить соответствующие изменения в ЕГРН.&lt;/p&gt;
&lt;/li&gt;
&lt;/ol&gt;
&lt;p&gt;12.06.2024&lt;/p&gt;
&lt;p&gt;Правление СНТ «Орбита»​​​​&lt;/p&gt;
</description>
        </item>
        <item>
        <title>Уведомление о проведении очно-заочного очередного общего собрания</title>
        <link>https://cnt-orbita.ru/p/uuvedomlenie-o-provedenii-ochno-zaochnogo-ocherednogo-obshhego-sobraniya-2024/</link>
        <pubDate>Thu, 06 Jun 2024 00:00:00 +0000</pubDate>
        
        <guid>https://cnt-orbita.ru/p/uuvedomlenie-o-provedenii-ochno-zaochnogo-ocherednogo-obshhego-sobraniya-2024/</guid>
        <description>&lt;p&gt;&lt;img src=&#34;https://cnt-orbita.ru/p/uuvedomlenie-o-provedenii-ochno-zaochnogo-ocherednogo-obshhego-sobraniya-2024/image1.png&#34;
	width=&#34;1256&#34;
	height=&#34;1700&#34;
	srcset=&#34;https://cnt-orbita.ru/p/uuvedomlenie-o-provedenii-ochno-zaochnogo-ocherednogo-obshhego-sobraniya-2024/image1_hu_69970c9df6e82b60.png 480w, https://cnt-orbita.ru/p/uuvedomlenie-o-provedenii-ochno-zaochnogo-ocherednogo-obshhego-sobraniya-2024/image1_hu_2dd3a761e6c93e7f.png 1024w&#34;
	loading=&#34;lazy&#34;
	
		alt=&#34;страница 1&#34;
	
	
		class=&#34;gallery-image&#34; 
		data-flex-grow=&#34;73&#34;
		data-flex-basis=&#34;177px&#34;
	
&gt;&lt;/p&gt;
&lt;p&gt;&lt;img src=&#34;https://cnt-orbita.ru/p/uuvedomlenie-o-provedenii-ochno-zaochnogo-ocherednogo-obshhego-sobraniya-2024/image.png&#34;
	width=&#34;1284&#34;
	height=&#34;1562&#34;
	srcset=&#34;https://cnt-orbita.ru/p/uuvedomlenie-o-provedenii-ochno-zaochnogo-ocherednogo-obshhego-sobraniya-2024/image_hu_ae25be2520a1b803.png 480w, https://cnt-orbita.ru/p/uuvedomlenie-o-provedenii-ochno-zaochnogo-ocherednogo-obshhego-sobraniya-2024/image_hu_920fde137639a38.png 1024w&#34;
	loading=&#34;lazy&#34;
	
		alt=&#34;страница 2&#34;
	
	
		class=&#34;gallery-image&#34; 
		data-flex-grow=&#34;82&#34;
		data-flex-basis=&#34;197px&#34;
	
&gt;&lt;/p&gt;
</description>
        </item>
        <item>
        <title>Протокол заседания правления номер 9</title>
        <link>https://cnt-orbita.ru/p/protocol-zasedania-pravlenia-9/</link>
        <pubDate>Wed, 05 Jun 2024 00:00:00 +0000</pubDate>
        
        <guid>https://cnt-orbita.ru/p/protocol-zasedania-pravlenia-9/</guid>
        <description>&lt;p&gt;&lt;img src=&#34;https://cnt-orbita.ru/p/protocol-zasedania-pravlenia-9/image1.png&#34;
	width=&#34;1281&#34;
	height=&#34;1924&#34;
	srcset=&#34;https://cnt-orbita.ru/p/protocol-zasedania-pravlenia-9/image1_hu_31dc1c9b964126f9.png 480w, https://cnt-orbita.ru/p/protocol-zasedania-pravlenia-9/image1_hu_1e59c9db0cbb6c2c.png 1024w&#34;
	loading=&#34;lazy&#34;
	
		alt=&#34;страница 1&#34;
	
	
		class=&#34;gallery-image&#34; 
		data-flex-grow=&#34;66&#34;
		data-flex-basis=&#34;159px&#34;
	
&gt;&lt;/p&gt;
&lt;p&gt;&lt;img src=&#34;https://cnt-orbita.ru/p/protocol-zasedania-pravlenia-9/image.png&#34;
	width=&#34;1277&#34;
	height=&#34;1835&#34;
	srcset=&#34;https://cnt-orbita.ru/p/protocol-zasedania-pravlenia-9/image_hu_4efef48b17a1da4f.png 480w, https://cnt-orbita.ru/p/protocol-zasedania-pravlenia-9/image_hu_15480afbf9d46d32.png 1024w&#34;
	loading=&#34;lazy&#34;
	
		alt=&#34;страница 2&#34;
	
	
		class=&#34;gallery-image&#34; 
		data-flex-grow=&#34;69&#34;
		data-flex-basis=&#34;167px&#34;
	
&gt;&lt;/p&gt;
</description>
        </item>
        <item>
        <title>Отчет за 2023 год</title>
        <link>https://cnt-orbita.ru/p/otchet-za-2023/</link>
        <pubDate>Fri, 31 May 2024 00:00:00 +0000</pubDate>
        
        <guid>https://cnt-orbita.ru/p/otchet-za-2023/</guid>
        <description>&lt;p&gt;Уважаемые садоводы!
Убедительная просьба ознакомиться с документами!&lt;/p&gt;
&lt;ul&gt;
&lt;li&gt;&lt;strong&gt;&lt;a class=&#34;link&#34; href=&#34;project_shtatka.pdf&#34; &gt;Проект штатного расписания&lt;/a&gt;&lt;/strong&gt;&lt;/li&gt;
&lt;li&gt;&lt;strong&gt;&lt;a class=&#34;link&#34; href=&#34;otchet_smeta_2023.pdf&#34; &gt;Отчет по смете за 2023 год&lt;/a&gt;&lt;/strong&gt;&lt;/li&gt;
&lt;li&gt;&lt;strong&gt;&lt;a class=&#34;link&#34; href=&#34;otchet_rev_kom.pdf&#34; &gt;Отчет ревизионной комиссии&lt;/a&gt;&lt;/strong&gt;&lt;/li&gt;
&lt;/ul&gt;
</description>
        </item>
        <item>
        <title>Уведомление о проведении собрания</title>
        <link>https://cnt-orbita.ru/p/uvedomlenie-o-provedenii-sobraniya-2024/</link>
        <pubDate>Sun, 28 Apr 2024 00:00:00 +0000</pubDate>
        
        <guid>https://cnt-orbita.ru/p/uvedomlenie-o-provedenii-sobraniya-2024/</guid>
        <description>&lt;p&gt;&lt;strong&gt;Форма проведения собрания:&lt;/strong&gt; Очередное очное голосование членов СНТ “Орбита”.&lt;/p&gt;
&lt;p&gt;&lt;strong&gt;Место проведения собрания:&lt;/strong&gt; 188508, Ленинградская область, Ломоносовский район, городское поселение Виллозское, тер. СНТ &amp;ldquo;Орбита&amp;rdquo;, помещение Правления.(уч.28)&lt;/p&gt;
&lt;p&gt;&lt;strong&gt;Время проведения собрания:&lt;/strong&gt; 1 июня 2024 года с 12:00 до 14:00&lt;/p&gt;
&lt;p&gt;Собрание проводится по инициативе Правления СНТ «ОРБИТА».&lt;/p&gt;
&lt;p&gt;&lt;strong&gt;Повестка дня общего собрания членов СНТ «Орбита»:&lt;/strong&gt;&lt;/p&gt;
&lt;ul&gt;
&lt;li&gt;Рассмотрение и утверждение отчета Правления СНТ «Орбита» о проделанной работе и исполнении сметы доходов и расходов на 2023 г.&lt;/li&gt;
&lt;li&gt;Рассмотрение и утверждение отчета Ревизионной комиссии СНТ «Орбита» по итогам проверок за 2023 год.&lt;/li&gt;
&lt;li&gt;Рассмотрение и утверждение изменений и дополнений в ФЭО и смету доходов и расходов на 2024 год.&lt;/li&gt;
&lt;li&gt;Рассмотрение и утверждение ФЭО и сметы доходов и расходов на 2025 год,&lt;/li&gt;
&lt;li&gt;Утверждение размера членских и целевых взносов на 2025 год&lt;/li&gt;
&lt;li&gt;Утверждение реестра членов СНТ «Орбита»&lt;/li&gt;
&lt;li&gt;Утверждение штатного расписания СНТ «Орбита» на 2024 и 2025 год».&lt;/li&gt;
&lt;li&gt;Включение СНТ «Орбита» в программу социальной газификации, запущенной Правительством РФ по поручению Президента в 2021 году.&lt;/li&gt;
&lt;/ul&gt;
&lt;p&gt;Регистрация участников общего собрания будет проводиться в Правлении СНТ с 11.00 до 12.00 01.06.2024.&lt;/p&gt;
&lt;p&gt;При себе иметь членскую книжку садовода или паспорт гражданина РФ.&lt;/p&gt;
&lt;p&gt;Предварительно ознакомиться с материалами общего собрания можно на официальном сайте СНТ «Орбита» (cnt-orbita.ru), Telegram канале СНТ ОРБИТА, в помещении Правления СНТ (18 и 25 мая с 11.00 до 14.00) .&lt;/p&gt;
&lt;p&gt;Получить разъяснения по вопросам, вынесенным в повестку дня можно каждую субботу с 12.00 до 14.00. в помещении Правления.&lt;/p&gt;
&lt;p&gt;Приглашаем всех членов СНТ принять активное участие в проведении собрания или в случае Вашего отсутствия, просим в соответствии с Уставом СНТ, передать право голосования доверенному лицу , оформив доверенность и заверив её у Председателя Правления.&lt;/p&gt;
&lt;p&gt;28.04.2024&lt;/p&gt;
&lt;p&gt;Председатель правления СНТ «Орбита»​​​​ Заика В.П.&lt;/p&gt;
</description>
        </item>
        <item>
        <title>Противопожарный режим</title>
        <link>https://cnt-orbita.ru/p/protivopozharnyj-rezhim-2024/</link>
        <pubDate>Tue, 26 Mar 2024 00:00:00 +0000</pubDate>
        
        <guid>https://cnt-orbita.ru/p/protivopozharnyj-rezhim-2024/</guid>
        <description>&lt;p&gt;&lt;img src=&#34;https://cnt-orbita.ru/p/protivopozharnyj-rezhim-2024/image.png&#34;
	width=&#34;626&#34;
	height=&#34;417&#34;
	srcset=&#34;https://cnt-orbita.ru/p/protivopozharnyj-rezhim-2024/image_hu_a6c8960bc4a11d38.png 480w, https://cnt-orbita.ru/p/protivopozharnyj-rezhim-2024/image_hu_511e6855c11548ad.png 1024w&#34;
	loading=&#34;lazy&#34;
	
		alt=&#34;Ваша безопасность – ваша ответственность!&#34;
	
	
		class=&#34;gallery-image&#34; 
		data-flex-grow=&#34;150&#34;
		data-flex-basis=&#34;360px&#34;
	
&gt;&lt;/p&gt;
&lt;p&gt;На период действия особого противопожарного режима вводятся дополнительные требования пожарной безопасности, ограничивается посещение лесов.&lt;/p&gt;
&lt;p&gt;Устанавливаются дополнительные запреты, в том числе на:&lt;/p&gt;
&lt;ul&gt;
&lt;li&gt;разведение костров на территориях поселений и городских округов, садоводческих, огороднических и дачных некоммерческих объединений граждан;&lt;/li&gt;
&lt;li&gt;сжигание мусора, стерни, пожнивных и порубочных остатков, сухой растительности, листвы и камыша;&lt;/li&gt;
&lt;li&gt;проведение неконтролируемых отжигов сухой растительности, а также пожароопасных работ;&lt;/li&gt;
&lt;li&gt;несанкционированные свалки твердых бытовых и горючих отходов.&lt;/li&gt;
&lt;/ul&gt;
&lt;p&gt;Также стоит учитывать, что из-за сложившихся климатических условий в Ленинградской области ухудшается лесопожарная обстановка и увеличивается риск возникновения чрезвычайных ситуаций, связанных с переходом огня на населённые пункты и объекты экономики.&lt;/p&gt;
&lt;p&gt;&lt;strong&gt;Соблюдайте правила пожарной безопасности!&lt;/strong&gt;&lt;/p&gt;
</description>
        </item>
        <item>
        <title>Временное ограничение движения транспортных средств</title>
        <link>https://cnt-orbita.ru/p/vremennoe-ogranichenie-dvizheniya-transportnykh-sredstv-2024/</link>
        <pubDate>Mon, 25 Mar 2024 00:00:00 +0000</pubDate>
        
        <guid>https://cnt-orbita.ru/p/vremennoe-ogranichenie-dvizheniya-transportnykh-sredstv-2024/</guid>
        <description>&lt;p&gt;Уважаемые садоводы,&lt;/p&gt;
&lt;p&gt;В соответствии с ПРИКАЗОМ Комитета по дорожному хозяйству Ленинградской области от 19.03.2024 №06/24 «О введении временных ограничений движения транспортных средств по автомобильным дорогам общего пользования регионального значения в весенний и летний периоды 2024»&lt;/p&gt;
&lt;ol&gt;
&lt;li&gt;
&lt;p&gt;В период с 1апреля по 30 апреля временно запретить движение транспортных средств с грузом или без груза по дорогам общего пользования СНТ «Орбита» у которых нагрузка на каждую ось превышает 3 тонны.&lt;/p&gt;
&lt;/li&gt;
&lt;li&gt;
&lt;p&gt;Запрет вводится в связи с возникновением неблагоприятных условий, сопровождающихся снижением несущей способности дорог в весенний период и необходимостью сохранения конструктивных элементов дорог.&lt;/p&gt;
&lt;/li&gt;
&lt;li&gt;
&lt;p&gt;Временный запрет движения не распространяется на аварийную и пожарную технику, транспорт, обслуживающий электросети, транспортные средства, осуществляющие вывоз твердых бытовых отходов, медицинский транспорт.&lt;/p&gt;
&lt;/li&gt;
&lt;li&gt;
&lt;p&gt;Контроль за соблюдением временного запрета осуществляет пост охраны, овсех нарушениях докладывает Председателю СНТ.&lt;/p&gt;
&lt;/li&gt;
&lt;li&gt;
&lt;p&gt;Виновные в нарушении временного запрета возмещают нанесенный вред дорогам общего пользования СНТ в соответствии с «Положением о въезде грузового транспорта».&lt;/p&gt;
&lt;/li&gt;
&lt;/ol&gt;
&lt;p&gt;&lt;strong&gt;&lt;a class=&#34;link&#34; href=&#34;prikaz.pdf&#34; &gt;Приказ от 19.03.2024&lt;/a&gt;&lt;/strong&gt;&lt;/p&gt;
</description>
        </item>
        <item>
        <title>Итоги 2023 года</title>
        <link>https://cnt-orbita.ru/p/itogi-2023/</link>
        <pubDate>Thu, 28 Dec 2023 00:00:00 +0000</pubDate>
        
        <guid>https://cnt-orbita.ru/p/itogi-2023/</guid>
        <description>&lt;p&gt;Уважаемые жители садоводства!&lt;/p&gt;
&lt;p&gt;Наступило время подвести итоги по уплатам членских и целевых взносов членами нашего СНТ в 2023 году.&lt;/p&gt;
&lt;p&gt;На 12.10.23 г. мы имели:&lt;/p&gt;
&lt;ul&gt;
&lt;li&gt;Участков не имеющих долгов 122 (31,9%);&lt;/li&gt;
&lt;li&gt;Участков имеющих долги за один год и более 261(68,1%).&lt;/li&gt;
&lt;/ul&gt;
&lt;p&gt;На 27.12.23 г. имеем:&lt;/p&gt;
&lt;ul&gt;
&lt;li&gt;Участков не имеющих долгов 205 (53,5%);&lt;/li&gt;
&lt;li&gt;Участков имеющих долги за один год и более 178 (46,5%).&lt;/li&gt;
&lt;/ul&gt;
&lt;p&gt;Причем, более 20 участков, имеющих долги за один год и более, частично оплатили их.&lt;/p&gt;
&lt;p&gt;Всем членам СНТ, выполнившим свои обязанности по уплате взносов, большое спасибо за ваши действия.&lt;/p&gt;
&lt;p&gt;В соответствии с утвержденным Уставом в новой редакции и решением общего собрания членов СНТ членские и целевые взносы за 2024 год необходимо внести на расчетный счет СНТ в течение трех месяцев (январь – март). Сразу отвечаем на возможные вопросы, что ФЭО и смета на 2024 год утверждены на последнем общем собрании, Устав в новой редакции зарегистрирован, ошибочная запись в ЕГРЮЛ по должности председателя устранена. Причин для неуплаты взносов нет.&lt;/p&gt;
&lt;p&gt;Поздравляем всех с Наступающим Новым Годом!&lt;/p&gt;
&lt;p&gt;Правление СНТ «ОРБИТА»&lt;/p&gt;
</description>
        </item>
        <item>
        <title>Итоги голосования и решениями, принятыми общим собранием СНТ &#34;Орбита&#34; 08.2023</title>
        <link>https://cnt-orbita.ru/p/itogi-golosovaniya-08-23/</link>
        <pubDate>Thu, 31 Aug 2023 00:00:00 +0000</pubDate>
        
        <guid>https://cnt-orbita.ru/p/itogi-golosovaniya-08-23/</guid>
        <description>&lt;p&gt;Уважаемые садоводы!&lt;/p&gt;
&lt;p&gt;Просьба ознакомиться с итогами голосования и решениями, принятыми общим собранием СНТ &amp;ldquo;Орбита&amp;rdquo;.&lt;/p&gt;
&lt;ul&gt;
&lt;li&gt;&lt;strong&gt;&lt;a class=&#34;link&#34; href=&#34;protocol_08_2023.pdf&#34; &gt;Протокол общего собрания&lt;/a&gt;&lt;/strong&gt;&lt;/li&gt;
&lt;li&gt;&lt;strong&gt;&lt;a class=&#34;link&#34; href=&#34;protocol_08_2023_01.pdf&#34; &gt;Протокол подсчета результатов голосования 2023&lt;/a&gt;&lt;/strong&gt;&lt;/li&gt;
&lt;li&gt;&lt;strong&gt;&lt;a class=&#34;link&#34; href=&#34;protocol_08_2023_02.pdf&#34; &gt;Результаты по участкам&lt;/a&gt;&lt;/strong&gt;&lt;/li&gt;
&lt;/ul&gt;
</description>
        </item>
        <item>
        <title>Переименование Виллозского сельского поселения</title>
        <link>https://cnt-orbita.ru/p/pereimenovanie-villozskogo-selskogo-poseleniya/</link>
        <pubDate>Thu, 29 Jun 2023 00:00:00 +0000</pubDate>
        
        <guid>https://cnt-orbita.ru/p/pereimenovanie-villozskogo-selskogo-poseleniya/</guid>
        <description>&lt;p&gt;Уважаемые садоводы!&lt;/p&gt;
&lt;p&gt;Наше садоводство ранее находилось на территории Виллозского сельского поселения.&lt;/p&gt;
&lt;p&gt;В соответствии с Законом Ленинградской области от 29.12.2016 № 113-оз «Об административно-территориальных преобразованиях в Ломоносовском муниципальном районе Ленинградской области, в связи с изменением категории населенного пункта Виллози» Виллозское сельское поселение получило статус “Виллозского городского поселения”. Данный статус предполагает, что администрация Виллозского городского поселения самостоятельно распоряжается землями в пределах поселения.&lt;/p&gt;
&lt;p&gt;В наше СНТ поступил запрос из администрации Виллози о предоставлении реестра земельных участков, расположенных на территории СНТ.&lt;/p&gt;
&lt;p&gt;Существует вероятность, что участки, не внесенные в реестр, могут быть переданы администрацией Виллози, согласно очереди, жителям поселения, в первую очередь участникам СВО, многодетным и т.д. Правлению СНТ в кратчайшие сроки необходимо сформировать достоверный реестр. Для этого от каждого собственника (правообладателя) земельного участка необходимы следующие документы:&lt;/p&gt;
&lt;ol&gt;
&lt;li&gt;Согласие на обработку персональных данных &lt;strong&gt;&lt;a class=&#34;link&#34; href=&#34;soglasie.pdf&#34; &gt;скачать&lt;/a&gt;&lt;/strong&gt;.&lt;/li&gt;
&lt;li&gt;Заявление о подтверждении членства в СНТ “Орбита” &lt;strong&gt;&lt;a class=&#34;link&#34; href=&#34;zayavlenie.pdf&#34; &gt;скачать&lt;/a&gt;&lt;/strong&gt;.&lt;/li&gt;
&lt;li&gt;Копия членской книжки (страницы с номером участка, кадастровым номером, датой выдачи).&lt;/li&gt;
&lt;li&gt;Копия паспорта (разворот с фотографией и страница с регистрацией)&lt;/li&gt;
&lt;li&gt;Копия СНИЛС&lt;/li&gt;
&lt;li&gt;Выписка из ЕГРН (Можно получить Онлайн-выписку бесплатно через сайт Госуслуги).&lt;/li&gt;
&lt;/ol&gt;
&lt;p&gt;Документы можно предоставить лично в правление СНТ в часы приема:&lt;/p&gt;
&lt;ul&gt;
&lt;li&gt;среда - 18:00 - 20:15&lt;/li&gt;
&lt;li&gt;суббота - 11:00 - 14:00&lt;/li&gt;
&lt;/ul&gt;
&lt;p&gt;Или отправить в отсканированном виде на адрес электронной почты: &lt;a class=&#34;link&#34; href=&#34;mailto:sntorbita56@yandex.ru&#34; &gt;sntorbita56@yandex.ru&lt;/a&gt;&lt;/p&gt;
&lt;p&gt;29.06.2023&lt;/p&gt;
&lt;p&gt;Правление СНТ &amp;ldquo;Орбита&amp;rdquo;&lt;/p&gt;
</description>
        </item>
        <item>
        <title>Противопожарный режим</title>
        <link>https://cnt-orbita.ru/p/protivopozharnyj-rezhim-2023/</link>
        <pubDate>Fri, 02 Jun 2023 00:00:00 +0000</pubDate>
        
        <guid>https://cnt-orbita.ru/p/protivopozharnyj-rezhim-2023/</guid>
        <description>&lt;p&gt;&lt;img src=&#34;https://cnt-orbita.ru/p/protivopozharnyj-rezhim-2023/image.png&#34;
	width=&#34;626&#34;
	height=&#34;417&#34;
	srcset=&#34;https://cnt-orbita.ru/p/protivopozharnyj-rezhim-2023/image_hu_a6c8960bc4a11d38.png 480w, https://cnt-orbita.ru/p/protivopozharnyj-rezhim-2023/image_hu_511e6855c11548ad.png 1024w&#34;
	loading=&#34;lazy&#34;
	
		alt=&#34;Ваша безопасность – ваша ответственность!&#34;
	
	
		class=&#34;gallery-image&#34; 
		data-flex-grow=&#34;150&#34;
		data-flex-basis=&#34;360px&#34;
	
&gt;&lt;/p&gt;
&lt;p&gt;На период действия особого противопожарного режима вводятся дополнительные требования пожарной безопасности, ограничивается посещение лесов.&lt;/p&gt;
&lt;p&gt;Устанавливаются дополнительные запреты, в том числе на:&lt;/p&gt;
&lt;ul&gt;
&lt;li&gt;разведение костров на территориях поселений и городских округов, садоводческих, огороднических и дачных некоммерческих объединений граждан;&lt;/li&gt;
&lt;li&gt;сжигание мусора, стерни, пожнивных и порубочных остатков, сухой растительности, листвы и камыша;&lt;/li&gt;
&lt;li&gt;проведение неконтролируемых отжигов сухой растительности, а также пожароопасных работ;&lt;/li&gt;
&lt;li&gt;несанкционированные свалки твердых бытовых и горючих отходов.&lt;/li&gt;
&lt;/ul&gt;
&lt;p&gt;Также стоит учитывать, что из-за сложившихся климатических условий в Ленинградской области ухудшается лесопожарная обстановка и увеличивается риск возникновения чрезвычайных ситуаций, связанных с переходом огня на населённые пункты и объекты экономики.&lt;/p&gt;
&lt;p&gt;&lt;strong&gt;Соблюдайте правила пожарной безопасности!&lt;/strong&gt;&lt;/p&gt;
</description>
        </item>
        
    </channel>
</rss>
