<?xml version="1.0" encoding="utf-8" standalone="yes"?>
<rss version="2.0" xmlns:atom="http://www.w3.org/2005/Atom">
    <channel>
        <title>Tags on Садовое некоммерческое товарищество &#34;Орбита&#34;</title>
        <link>https://cnt-orbita.ru/tags/</link>
        <description>Recent content in Tags on Садовое некоммерческое товарищество &#34;Орбита&#34;</description>
        <generator>Hugo -- gohugo.io</generator>
        <language>ru-RU</language><atom:link href="https://cnt-orbita.ru/tags/index.xml" rel="self" type="application/rss+xml" />
    </channel>
</rss>
