<?xml version="1.0" encoding="utf-8" standalone="yes"?>
<rss version="2.0" xmlns:atom="http://www.w3.org/2005/Atom">
    <channel>
        <title>Categories on Садовое некоммерческое товарищество &#34;Орбита&#34;</title>
        <link>https://cnt-orbita.ru/categories/</link>
        <description>Recent content in Categories on Садовое некоммерческое товарищество &#34;Орбита&#34;</description>
        <generator>Hugo -- gohugo.io</generator>
        <language>ru-RU</language>
        <lastBuildDate>Wed, 21 May 2025 00:00:00 +0000</lastBuildDate><atom:link href="https://cnt-orbita.ru/categories/index.xml" rel="self" type="application/rss+xml" /><item>
        <title>Объявление</title>
        <link>https://cnt-orbita.ru/categories/%D0%BE%D0%B1%D1%8A%D1%8F%D0%B2%D0%BB%D0%B5%D0%BD%D0%B8%D0%B5/</link>
        <pubDate>Wed, 21 May 2025 00:00:00 +0000</pubDate>
        
        <guid>https://cnt-orbita.ru/categories/%D0%BE%D0%B1%D1%8A%D1%8F%D0%B2%D0%BB%D0%B5%D0%BD%D0%B8%D0%B5/</guid>
        <description></description>
        </item>
        <item>
        <title>Важное</title>
        <link>https://cnt-orbita.ru/categories/%D0%B2%D0%B0%D0%B6%D0%BD%D0%BE%D0%B5/</link>
        <pubDate>Fri, 25 Apr 2025 00:00:00 +0000</pubDate>
        
        <guid>https://cnt-orbita.ru/categories/%D0%B2%D0%B0%D0%B6%D0%BD%D0%BE%D0%B5/</guid>
        <description></description>
        </item>
        <item>
        <title>Отчет</title>
        <link>https://cnt-orbita.ru/categories/%D0%BE%D1%82%D1%87%D0%B5%D1%82/</link>
        <pubDate>Fri, 12 Jul 2024 00:00:00 +0000</pubDate>
        
        <guid>https://cnt-orbita.ru/categories/%D0%BE%D1%82%D1%87%D0%B5%D1%82/</guid>
        <description></description>
        </item>
        <item>
        <title>Разное</title>
        <link>https://cnt-orbita.ru/categories/%D1%80%D0%B0%D0%B7%D0%BD%D0%BE%D0%B5/</link>
        <pubDate>Thu, 06 Jul 2023 00:00:00 +0000</pubDate>
        
        <guid>https://cnt-orbita.ru/categories/%D1%80%D0%B0%D0%B7%D0%BD%D0%BE%D0%B5/</guid>
        <description></description>
        </item>
        <item>
        <title>Благоустройство</title>
        <link>https://cnt-orbita.ru/categories/%D0%B1%D0%BB%D0%B0%D0%B3%D0%BE%D1%83%D1%81%D1%82%D1%80%D0%BE%D0%B9%D1%81%D1%82%D0%B2%D0%BE/</link>
        <pubDate>Sun, 25 Jun 2023 00:00:00 +0000</pubDate>
        
        <guid>https://cnt-orbita.ru/categories/%D0%B1%D0%BB%D0%B0%D0%B3%D0%BE%D1%83%D1%81%D1%82%D1%80%D0%BE%D0%B9%D1%81%D1%82%D0%B2%D0%BE/</guid>
        <description></description>
        </item>
        
    </channel>
</rss>
