<?xml version="1.0" encoding="utf-8" standalone="yes"?>
<rss version="2.0" xmlns:atom="http://www.w3.org/2005/Atom">
    <channel>
        <title>Pages on Садовое некоммерческое товарищество &#34;Орбита&#34;</title>
        <link>https://cnt-orbita.ru/page/</link>
        <description>Recent content in Pages on Садовое некоммерческое товарищество &#34;Орбита&#34;</description>
        <generator>Hugo -- gohugo.io</generator>
        <language>ru-RU</language>
        <lastBuildDate>Tue, 28 May 2019 00:00:00 +0000</lastBuildDate><atom:link href="https://cnt-orbita.ru/page/index.xml" rel="self" type="application/rss+xml" /><item>
        <title>Архивы</title>
        <link>https://cnt-orbita.ru/archives/</link>
        <pubDate>Tue, 28 May 2019 00:00:00 +0000</pubDate>
        
        <guid>https://cnt-orbita.ru/archives/</guid>
        <description></description>
        </item>
        <item>
        <title></title>
        <link>https://cnt-orbita.ru/</link>
        <pubDate>Mon, 01 Jan 0001 00:00:00 +0000</pubDate>
        
        <guid>https://cnt-orbita.ru/</guid>
        <description></description>
        </item>
        <item>
        <title>Документы</title>
        <link>https://cnt-orbita.ru/documents/</link>
        <pubDate>Mon, 01 Jan 0001 00:00:00 +0000</pubDate>
        
        <guid>https://cnt-orbita.ru/documents/</guid>
        <description>&lt;h1 id=&#34;устав&#34;&gt;Устав
&lt;/h1&gt;&lt;ul&gt;
&lt;li&gt;&lt;strong&gt;&lt;a class=&#34;link&#34; href=&#34;ustav/ustav.pdf&#34; &gt;Устав СНТ &amp;ldquo;Орбита&amp;rdquo;&lt;/a&gt;&lt;/strong&gt;&lt;/li&gt;
&lt;/ul&gt;
&lt;h1 id=&#34;положения-и-правила&#34;&gt;Положения и правила
&lt;/h1&gt;&lt;ul&gt;
&lt;li&gt;&lt;strong&gt;&lt;a class=&#34;link&#34; href=&#34;pravila/pravila_rasporadka.pdf&#34; &gt;Правила внутреннего распорядка СНТ &amp;ldquo;Орбита&amp;rdquo;&lt;/a&gt;&lt;/strong&gt;&lt;/li&gt;
&lt;li&gt;&lt;strong&gt;&lt;a class=&#34;link&#34; href=&#34;pravila/polozhenie.pdf&#34; &gt;Положение о порядке подготовки и проведения общего собрания СНТ &amp;ldquo;Орбита&amp;rdquo;&lt;/a&gt;&lt;/strong&gt;&lt;/li&gt;
&lt;li&gt;&lt;strong&gt;&lt;a class=&#34;link&#34; href=&#34;pravila/polozhenie_o_ts.pdf&#34; &gt;Положение о въезде грузового транспорта в СНТ &amp;ldquo;Орбита&amp;rdquo;&lt;/a&gt;&lt;/strong&gt;&lt;/li&gt;
&lt;li&gt;&lt;strong&gt;&lt;a class=&#34;link&#34; href=&#34;pravila/golosa.pdf&#34; &gt;Распределение процентов голосов по участкам в СНТ &amp;ldquo;Орбита&amp;rdquo;&lt;/a&gt;&lt;/strong&gt;&lt;/li&gt;
&lt;li&gt;&lt;strong&gt;&lt;a class=&#34;link&#34; href=&#34;pravila/pers_data.pdf&#34; &gt;Положение о сборе и обработке персональных данных&lt;/a&gt;&lt;/strong&gt;&lt;/li&gt;
&lt;/ul&gt;
&lt;h1 id=&#34;фэо-и-смета-снт-орбита&#34;&gt;ФЭО и смета СНТ Орбита
&lt;/h1&gt;&lt;ul&gt;
&lt;li&gt;&lt;strong&gt;&lt;a class=&#34;link&#34; href=&#34;smeta/smeta_2023.pdf&#34; &gt;ФЭО и смета СНТ Орбита 2023 год&lt;/a&gt;&lt;/strong&gt;&lt;/li&gt;
&lt;li&gt;&lt;strong&gt;&lt;a class=&#34;link&#34; href=&#34;smeta/smeta_2024.pdf&#34; &gt;ФЭО и смета СНТ Орбита 2024 год&lt;/a&gt;&lt;/strong&gt;&lt;/li&gt;
&lt;li&gt;&lt;strong&gt;&lt;a class=&#34;link&#34; href=&#34;smeta/smeta_2025.pdf&#34; &gt;ФЭО и смета СНТ Орбита 2025 год&lt;/a&gt;&lt;/strong&gt;&lt;/li&gt;
&lt;/ul&gt;
&lt;h1 id=&#34;бланки-заявлений&#34;&gt;Бланки заявлений
&lt;/h1&gt;</description>
        </item>
        <item>
        <title>Контакты</title>
        <link>https://cnt-orbita.ru/contacts/</link>
        <pubDate>Mon, 01 Jan 0001 00:00:00 +0000</pubDate>
        
        <guid>https://cnt-orbita.ru/contacts/</guid>
        <description>&lt;p&gt;&lt;strong&gt;СНТ &amp;ldquo;Орбита&amp;rdquo;&lt;/strong&gt;&lt;/p&gt;
&lt;p&gt;&lt;strong&gt;ИНН&lt;/strong&gt; 4720008674&lt;/p&gt;
&lt;p&gt;188508, Ленинградская Область, д. Малое Карлино, р-н Ломоносовский, тер. снт Орбита, д.5-6 км&lt;/p&gt;
&lt;p&gt;р/с 40703810155240000156
в ФИЛИАЛ &amp;ldquo;САНКТ-ПЕТЕРБУРГСКИЙ&amp;rdquo; СЕВЕРО-ЗАПАДНЫЙ БАНК ПАО СБЕРБАНК
к/с 30101810500000000653
БИК 044030653&lt;/p&gt;
&lt;p&gt;&lt;strong&gt;тел:&lt;/strong&gt; . +7 (812) 309-82-33 &lt;em&gt;(для улучшения качества обслуживания разговоры записываются)&lt;/em&gt;&lt;/p&gt;
&lt;p&gt;&lt;a class=&#34;link&#34; href=&#34;mailto:sntorbita56@yandex.ru&#34; &gt;sntorbita56@yandex.ru&lt;/a&gt;&lt;/p&gt;
&lt;p&gt;&lt;a class=&#34;link&#34; href=&#34;https://cnt-orbita.ru/&#34;  target=&#34;_blank&#34; rel=&#34;noopener&#34;
    &gt;https://cnt-orbita.ru/&lt;/a&gt;&lt;/p&gt;
&lt;p&gt;&lt;strong&gt;Председатель:&lt;/strong&gt; Заика Владимир Петрович&lt;/p&gt;
</description>
        </item>
        <item>
        <title>Поиск</title>
        <link>https://cnt-orbita.ru/search/</link>
        <pubDate>Mon, 01 Jan 0001 00:00:00 +0000</pubDate>
        
        <guid>https://cnt-orbita.ru/search/</guid>
        <description></description>
        </item>
        <item>
        <title>Правление</title>
        <link>https://cnt-orbita.ru/pravlenie/</link>
        <pubDate>Mon, 01 Jan 0001 00:00:00 +0000</pubDate>
        
        <guid>https://cnt-orbita.ru/pravlenie/</guid>
        <description>&lt;h1 id=&#34;председатель-снт-орбита&#34;&gt;Председатель СНТ &amp;ldquo;Орбита&amp;rdquo;
&lt;/h1&gt;&lt;p&gt;Заика Владимир Петрович&lt;/p&gt;
&lt;h1 id=&#34;члены-правления&#34;&gt;Члены правления
&lt;/h1&gt;&lt;p&gt;&lt;strong&gt;Вопросы с электричеством&lt;/strong&gt; - Лобанов Николай&lt;/p&gt;
&lt;p&gt;&lt;strong&gt;Разработка основополагающих документов&lt;/strong&gt; - Красавина Екатерина&lt;/p&gt;
&lt;p&gt;&lt;strong&gt;Благоустройство&lt;/strong&gt; - Чумак Екатерина&lt;/p&gt;
&lt;p&gt;&lt;strong&gt;Юридическое сопровождение&lt;/strong&gt; - Витер Андрей&lt;/p&gt;
&lt;p&gt;&lt;strong&gt;Делопроизводство&lt;/strong&gt; - Степанова Анна&lt;/p&gt;
&lt;p&gt;&lt;strong&gt;Ремонт и обслуживание дорог&lt;/strong&gt; - Ткаченко Сергей&lt;/p&gt;
&lt;h1 id=&#34;ревизионная-комиссия&#34;&gt;Ревизионная комиссия
&lt;/h1&gt;&lt;ol&gt;
&lt;li&gt;Копылов Геннадий&lt;/li&gt;
&lt;li&gt;Ковалёва Ирина&lt;/li&gt;
&lt;li&gt;Комарова Анастасия&lt;/li&gt;
&lt;/ol&gt;
</description>
        </item>
        <item>
        <title>Электроэнергия</title>
        <link>https://cnt-orbita.ru/electro/</link>
        <pubDate>Mon, 01 Jan 0001 00:00:00 +0000</pubDate>
        
        <guid>https://cnt-orbita.ru/electro/</guid>
        <description>&lt;p&gt;Здесь вы можете найти ответ на вопрос касающийся электроэнергии.&lt;/p&gt;
&lt;p&gt;&lt;strong&gt;Поставщик услуг&lt;/strong&gt;&lt;/p&gt;
&lt;p&gt;АО &amp;ldquo;ПЕТЕРБУРГСКАЯ СБЫТОВАЯ КОМПАНИЯ&lt;/p&gt;
&lt;p&gt;&lt;strong&gt;Тарифы&lt;/strong&gt;&lt;/p&gt;
&lt;p&gt;С 1-го декабря 2022 изменяются тарифы на электрическую энергию для населения Ленинградской области.
При наличии однотарифного счётчика:&lt;/p&gt;
&lt;ul&gt;
&lt;li&gt;5,38 руб./кВт час.&lt;/li&gt;
&lt;/ul&gt;
&lt;p&gt;При наличии двухтарифного счётчика:&lt;/p&gt;
&lt;ul&gt;
&lt;li&gt;День 5,68 руб./кВт час.&lt;/li&gt;
&lt;li&gt;Ночь 3,09 руб./кВт час.&lt;/li&gt;
&lt;/ul&gt;
&lt;p&gt;&lt;strong&gt;Порядок оплаты и подачи показаний&lt;/strong&gt;&lt;/p&gt;
&lt;p&gt;Подать показания счетчика необходимо с 1-го по 25 число включительно через &lt;strong&gt;&lt;a class=&#34;link&#34; href=&#34;https://ikus.pesc.ru/auth/login&#34;  target=&#34;_blank&#34; rel=&#34;noopener&#34;
    &gt;Личный кабинет&lt;/a&gt;&lt;/strong&gt; или по телефону &lt;strong&gt;88126789600&lt;/strong&gt;&lt;/p&gt;
&lt;p&gt;&lt;strong&gt;Контакты&lt;/strong&gt;&lt;/p&gt;
&lt;p&gt;&lt;strong&gt;88002200220&lt;/strong&gt; Горячая линия Ленэнерго&lt;/p&gt;
&lt;p&gt;&lt;strong&gt;Отключили свет&lt;/strong&gt;&lt;/p&gt;
&lt;p&gt;Сообщить об отсутствии электроэнергии или узнать причины отключения можно по номеру 88002200220&lt;/p&gt;
</description>
        </item>
        
    </channel>
</rss>
